-- phpMyAdmin SQL Dump
-- version 3.2.5
-- http://www.phpmyadmin.net
--
-- Хост: sql306.0fees.net
-- Время создания: Сен 20 2010 г., 09:51
-- Версия сервера: 5.1.49
-- Версия PHP: 5.2.6-1+lenny6

SET SQL_MODE=''NO_AUTO_VALUE_ON_ZERO'';


/*!40101 SET @OLD_CHARACTER_SET_CLIENT=@@CHARACTER_SET_CLIENT */;
/*!40101 SET @OLD_CHARACTER_SET_RESULTS=@@CHARACTER_SET_RESULTS */;
/*!40101 SET @OLD_COLLATION_CONNECTION=@@COLLATION_CONNECTION */;
/*!40101 SET NAMES utf8 */;

--
-- База данных: 'fees0_5675164_kt'
--

-- --------------------------------------------------------

--
-- Структура таблицы 'map'
--

CREATE TABLE map (
  id bigint(20) unsigned NOT NULL AUTO_INCREMENT,
  `name` varchar(128) NOT NULL,
  centerPointID bigint(20) unsigned DEFAULT NULL,
  scale int(11) NOT NULL DEFAULT '0',
  PRIMARY KEY (id),
  KEY LKpointID (centerPointID)
) ENGINE=MyISAM  DEFAULT CHARSET=utf8 AUTO_INCREMENT=19 ;

--
-- Дамп данных таблицы 'map'
--

INSERT INTO map VALUES
(6, 'Колпинский', 16, 0),
(5, 'Кировский', 16, 0),
(4, 'Калининский', 16, 0),
(3, 'Выборгский', 16, 0),
(2, 'Василеостровский', 16, 0),
(1, 'Адмиралтейский', 16, 0),
(7, 'Красногвардейский', 16, 0),
(8, 'Красносельский', 16, 0),
(9, 'Кронштадский', 152, 0),
(10, 'Курортный', 16, 0),
(11, 'Московский', 16, 0),
(12, 'Невский', 16, 0),
(13, 'Петроградский', 16, 0),
(14, 'Петродворцовый', 156, 0),
(15, 'Приморский', 16, 0),
(16, 'Пушкинский', 16, 0),
(17, 'Фрунзенский', 16, 0),
(18, 'Центральный', 16, 0);

-- --------------------------------------------------------

--
-- Структура таблицы 'placemark'
--

CREATE TABLE placemark (
  id bigint(20) unsigned NOT NULL AUTO_INCREMENT,
  `name` varchar(128) NOT NULL,
  `text` varchar(4048) NOT NULL,
  mapID bigint(20) unsigned NOT NULL,
  pointID bigint(20) unsigned NOT NULL,
  PRIMARY KEY (id),
  KEY mapID (mapID),
  KEY pointID (pointID)
) ENGINE=MyISAM  DEFAULT CHARSET=utf8 AUTO_INCREMENT=160 ;

--
-- Дамп данных таблицы 'placemark'
--

INSERT INTO placemark VALUES
(152, '', '', 0, 163),
(153, 'РГПУ им А.И. Герцена', '<img align=''left'' title=''РГПУ им А.И. Герцена'' alt=''РГПУ им А.И. Герцена'' src=''./img/9.jpg''><br />В действующую армию ушли 1004 человека: преподаватели, сотрудники, студенты. Свыше 400 из них погибли.<br />В сентябре 1941 г. в основных зданиях института разместился военный госпиталь. Благодаря герценовцам в строй вернулись более 20 тысяч воинов.<br />Студенты дежурили на ГЭС, заготавливали дрова, работали в бытовых бригадах, спасая от гибели замерзающих и умирающих в своих квартирах горожан. В марте 1942 г. они участвовали в очистке Невского проспекта от снега и льда.<br />Многочисленные отряды герценовцев участвовали в возведении оборонительных сооружений.<br />', 18, 164),
(19, 'ул. Графова', '<p><img src=''./img/1.jpg'' alt=''И. А. Графов'' align=''left''/>Названа в честь Героя Советского Союза младшего лейтенанта И. А. Графова (1924—1944). Выпускник 107-й школы города Ленинграда. Окончил Ленинградское училище зенитной артиллерии. 1 февраля 1944 года командир зенитно-пулеметного взвода младший лейтенант Графов под ружейно-пулеметным и артиллерийским огнем перебросил зенитно-пулеметный взвод по льду на западный берег реки Луги, что способствовало советской пехоте занять деревню Извоз. За личное мужество младший лейтенант И. А. Графов был награжден орденом Красного Знамени. 3 февраля взвод Игоря Графова установил тяжелые пулеметы на плацдарме западного берега реки Наровы в 30 метрах от вражеской траншеи. Взвод мужественно отражал атаки фашистов, теряя товарищей. 22 февраля 1944 года, оставшись в одиночестве, Графов отстреливался до последнего патрона в пистолете. В дикой злобе гитлеровцы убили его прикладом. 6 июня 1944 года прах отважного командира перевезли в город Кингисепп и захоронили на площади Славы.Звание Героя Советского Союза присвоено И. А. Графову посмертно 1 июля 1944 года. В 1970 году на доме №2 была открыта мемориальная доска в честь героя.</p>', 15, 28),
(41, 'ул. Лисичанская', '<p>Названа в память об освобождении советскими войсками во время Великой Отечественной войны города Лисичанска.</p>', 15, 50),
(20, 'Михайловский Замок', '<img align=''left'' src=''./img/22.jpg'' title=''Михайловский Замок''/>У стен Михайловского замка многократно разрывались снаряды, причинившие зданию большой урон. Взрыв тяжелой авиабомбы, попавшей в восточную часть замка со стороны парадного двора, полностью разрушил бывшую парадную столовую с ее скульптурной и лепной отделкой. Крыша здания была изрешечена осколками, система отопления не работала. Лепной и живописный декор интерьеров катастрофически разрушался от сырости.', 18, 29),
(21, 'Таврический дворец', '<img src=''./img/1.jpg'' alt=''Таврический дворец'' title=''Таврический дворец'' align=''left''/><br />Таврический дворец осенью и зимой 1941-1942 гг. неоднократно подвергался бомбежкам и артиллерийским обстрелам. На здание и рядом с ним были сброшены три фугасные бомбы весом в пятьдесят, сто и двести пятьдесят килограммов. Шесть снарядов попали в здание, повредив портики восточного крыла со стороны парадного двора и сада, разрушив гранитную кордегардию у ворот и часть ограды, пробив во многих местах кровлю.', 18, 30),
(22, 'Смольный монастырь', '<img src=''./img/2.jpg'' alt=''Смольный монастырь'' title=''Смольный монастырь'' align=''left''/><br />Осенью 1941 года большая фугасная бомба попала в юго-западный корпус каре монастыря, прилегающий к угловой башне, и почти полностью разрушила его – от здания остались лишь фундаменты и часть наружной стены, обращенной во двор. Повреждения получили и другие строения Смольного монастыря.', 18, 31),
(23, 'Зимний Дворец', '<img src=''./img/3.jpg'' alt=''Зимний Дворец'' title=''Зимний Дворец'' align=''left''/><br />Зимний дворец был крупной мишенью. Большое число бомб и снарядов разорвались вблизи него, а несколько попало в само здание. Многие ценности Эрмитажа срочно эвакуировали, часть из них укрыли в подвалах. Для предотвращения пожаров в зданиях музея окна заложили кирпичом или закрыли ставнями. В отдельных помещениях паркеты укрыли слоем песка.', 18, 32),
(24, 'Шереметьевский дворец', 'В декабре 1942 года и апреле 1943 года вблизи этого дворца неоднократно разрывались вражеские снаряды. Взрывной волной были выбиты стекла, расшатаны крепления декора фасадов.', 18, 33),
(25, 'Казанский собор', '<img src=''./img/4.jpg'' alt=''Зимний Дворец'' title=''Зимний Дворец'' align=''left''/><br />В годы Великой Отечественной войны, когда память о доблестных предках, отстоявших Отечество от иноземного нашествия, вдохновляла на подвиги советских воинов, бившихся с гитлеровскими ордами, Казанский собор стал особенно дорог ленинградцам. К могиле М.И. Кутузова непрерывно шли представители воинских частей, клявшиеся над прахом великого полководца не посрамить славу русского оружия. В 1942 году, в тяжелых условиях блокады в соборе была организована выставка «Отечественная война 1812 года».<br />Осколки снарядов и бомб избороздили его стены и колонны, изрешетили крышу и купол, в которых насчитывалось около 1600 пробоин.<br />', 18, 34),
(26, 'Шуваловский дворец', '<img src=''./img/5.jpg'' alt=''Зимний Дворец'' title=''Зимний Дворец'' align=''left''/><br />14 сентября 1941 года фашистская авиация совершила массированный налет на Ленинград. Прямым попаданием фугасной бомбы был разрушен до основания двухэтажный дворовый флигель Шуваловского дворца. Еще больший ущерб причинила зажигательная бомба, пробившая крышу и упавшая на чердак, как раз над Колонным залом. Начался пожар. После того, как пламя охватило деревянные конструкции стропил и чердачного перекрытия, обрушилась кровля и потолок с уникальной росписью.<br />', 18, 35),
(27, 'Невский 14', '<img src=''./img/6.jpg'' alt=''Невский 14'' title=''Невский 14'' align=''left''/><br />Надписи на чётной «солнечной» — наиболее опасной — стороне Невского проспекта были сделаны летом 1943 года бойцами Местной противовоздушной обороны Татьяной Котовой и Любовью Герасимовой, получившими во время очередного дежурства это задание, кисть, трафарет и ведро краски. Надписи эти наносились в городе на северных сторонах улиц, так как обстрел города вёлся с южных направлений.', 18, 36),
(28, 'Спас на крови', 'В годы блокады в Спасе на крови размещают морг, сюда свозят трупы погибших ленинградцев.<br />Вовремя одного из обстрелов не разорвавшийся снаряд застрял в перекрытиях главного купола. Только через 19 лет его извлекли.<br />', 18, 37),
(29, 'Александро-Невская Лавра', '<img src=''./img/7.jpg'' alt=''Александро-Невская Лавра'' title=''Александро-Невская Лавра'' align=''left''/><br />В Великую Отечественную войну на территории лавры размещался военный госпиталь.', 18, 38),
(30, 'Летний сад', '<img src=''./img/8.jpg'' alt=''Летний сад'' title=''Летний сад'' align=''left''/><br />Для того чтобы сохранить мраморные статуи Летнего сада, их укладывали в траншеи, засыпали песком, землей и покрывали дерном.', 18, 39),
(31, 'ул. Могдагуловой', '<p><img src=''./img/1.jpg'' alt=''Алия Нурмухамбетовна Молдагулова'' align=''right''/><br />						Алия Нурмухамбетовна Молдагулова (25 октября 1925, аул Булак, Хобдинский район, Актюбинская область,<br />						Казахская АССР, РСФСР — 14 января 1944, севернее города Новосокольники, Псковская область, РСФСР) — <br />						Герой Советского Союза (1944, посмертно), снайпер, ефрейтор.</p><br />						<p>Родилась 25 октября 1925 года в ауле Булак Хобдинского района Актюбинской области. <br />						Ещё ребёнком потеряла родителей и жила в Алма-Ате у дяди, а с 1935 года воспитывалась <br />						в детском доме Ленинграда. В начале войны вместе с детдомом была эвакуирована в село <br />						Вятское Ярославской области. По окончании 7-го класса Вятской средней школы поступила в <br />						Рыбинский авиационный техникум, но вскоре (1942) подала заявление в РККА с просьбой отправить её на фронт.</p><br />						<p>В 1943 году окончила Центральную женскую школу снайперской подготовки. С 1943 снайпер 4-го батальона <br />						54-й отдельной стрелковой бригады (22-я армия, 2-й Прибалтийский фронт). На её счету свыше 30 уничтоженных <br />						солдат и офицеров противника. Погибла в бою 14 января 1944 года севернее города Новосокольники.</p><br />						<p>Звание Героя Советского Союза Алие Нурмухамбетовне Молдагуловой присвоено посмертно 4 июня 1944 года. <br />						Награждена также орденом Ленина.</p><p>Похоронена в деревне Монаково Новосокольнического района.</p><br />						<p>Именем Молдагуловой названы улицы, школы, судно ВМФ. В городах Москва, Актюбинск, Алма-Ата, Новосокольники, <br />						Астана и на родине установлены памятники. Имя Алии высечено на стеле в честь артековцев-героев в международном<br />						детском лагере «Артек». В Актюбинске создан областной мемориальный музей. Ей посвящены балет «Алия», несколько<br />						стихов и поэм, множество песен. О подвиге Алии Молдагуловой сняты документальный фильм «Алия» (реж. М. Сагатов<br />						) и художественный фильм «Снайперы» (реж. Б. Шамшиев).</p>', 7, 40),
(32, 'ул. Потапова', '<p><img src=''./img/2.jpg'' alt=''Потапов Александр Семенович'' align=''left''/><b>Потапов Александр Семенович (1914-1943)</b></p><p>Александр Семенович родился 08.10.1914 года в д. Ковригино, ныне Павлово-Посадского района, в семье потомственных текстильщиков. Окончил 7 классов, работал счетоводом на Ленской фабрике. В ВМФ с 1936 года. Окончил Ейское военно-морское авиационное училище. Участник советско-финляндской войны 1939-1940 годов.</p><p>Участник Великой Отечественной войны с июня 1941 года. Командир звена 57-го штурмового авиационного полка (8-я бомбардировочная авиационная бригада, ВВС Балтийского флота) лейтенант Потапов к началу 1942 года совершил 55 боевых вылетов, нанёс большой урон противнику в живой силе и технике. Звание Героя Советского Союза присвоено 14.06.1942 года. Награжден 2 орденами Ленина, орденами Красного Знамени, Красной Звезды.</p><p>Погиб 12.01.1943 года при выполнении боевого задания. Его именем названа улица в Ленинграде и Павловском Посаде. О нем снят документальный фильм «Вслед за плывущими облаками». Дворец культуры камвольного комбината в г. Павловский Посад носит его имя.</p>', 7, 41),
(33, 'ул. Шепетовская', 'Названа в память об освобождении советскими войсками города Шепетовки в 1944г.', 7, 42),
(34, 'Уманский переулок', 'Название дано в память об освобождении советскими войсками в 1944г. города Умани.', 7, 43),
(35, 'ул. Дегтярёва', '<p><img src=''./img/3.jpg'' alt=''Дегтярёв Василий Алексеевич'' align=''left''/><b>Василий Алексеевич Дегтярёв (21 декабря 1879, Тула — 16 января 1949, Москва)</b> — выдающийся советский конструктор стрелкового оружия.</p><p>В 1901 году он был призван на военную службу. Служил он в оружейной мастерской при офицерской стрелковой школе в Ораниенбауме. С 1905 года работал слесарем в мастерской при оружейном полигоне.</p><p>Под руководством Владимира Григорьевича Фёдорова начал изготовление образца первой русской автоматической винтовки. Эта работа была продолжена затем на Сестрорецком оружейном заводе. В 1916 им был изобретён и успешно испытан автоматический карабин.</p><p>С 1918 Дегтярёв возглавил опытную мастерскую оружейного завода, а затем проектно-конструкторское бюро автоматического стрелкового оружия, организованное В. Г. Фёдоровым.</p><p>В 1924 году начал работу по созданию первого образца 7,62-мм ручного пулемёта, принятого на вооружение в 1927 под названием ДП (Дегтярева пехотный). На базе ручного пулемёта были созданы затем авиационные пулемёты ДА и ДА-2, танковый пулемёт ДТ, ротный пулемет РП-46. В 1934 году был принят на вооружение пистолет-пулемет Дегтярева ППД-34, впоследствии получивший развитие в моделях ППД-38 и ППД-40. В 1930 году Дегтярёв разработал 12,7-мм крупнокалиберный пулемёт ДК, который после усовершенствования Георгием Семёновичем Шпагиным в 1938 получил название ДШК. В 1939 на вооружение поступил станковый пулемёт системы Дегтярёва ДС-39.</p><p>Герой Социалистического Труда (1940), генерал-майор инженерно-артиллерийской службы, четырежды лауреат Сталинской премии.</p><p>Во время Великой Отечественной войны им были разработаны и переданы в войска 14,5-мм противотанковое ружьё ПТРД и ручной пулемёт образца 1944 (РПД) под 7,62-мм патрон обр. 1943 г.</p><p>Имя Дегтярёва носит Завод им. Дегтярёва в Коврове.</p>', 7, 44),
(36, 'ул. Краснодонская', '<p>Названа в честь города Краснодона, в котором в годы Великой Отечественной войны боролись и геройски погибли лидеры подпольной комсомольской организации «Молодая гвардия».</p>', 7, 45),
(37, 'Железнодорожная станция Ржевка', '<p><img src=''./img/4.jpg'' alt=''Железнодорожная станция Ржевка'' align=''left''/>Станция расположена на Ириновском направлении Финляндского вокзала в одноимённом районе Санкт-Петербурга. 29 марта 1942 года бомбовым ударом здание вокзала станции Ржевка было уничтожено. Через Ржевку проходила «Дорога жизни». Отсюда происходила эвакуация населения. От станции начинается Мемориальная трасса «Ржевский коридор» — это продолжение «Дороги жизни» по территории города. В 1985 году вдоль трассы были установлены памятные монументы.</p>', 7, 46),
(38, 'Большеохтинское Георгиевское кладбище', '<p><img src=''./img/5.jpg'' alt=''Большеохтинское Георгиевское кладбище'' align=''left''/>Здесь находятся много могил, датируемых блокадными годами. Есть здесь и братские захоронения воинов Красносельской дивизии, могилы Героев Советского Союза. Всю войну действовал храм Св. Николая Мирликийского.</p>', 7, 47),
(39, 'Клиническая больница имени Петра Великого (Больница им. Мечникова)', '<p><img src=''./img/6.jpg'' alt=''Клиническая больница имени Петра Великого (Больница им. Мечникова)'' align=''left''/>В годы войны на территории больницы был развёрнут эвакогоспиталь №2222 Ленинградского фронта, который в начальный период войны принимал ежедневно до двух тысяч раненых и больных.</p>', 7, 48),
(40, '', '', 0, 49),
(42, 'ул. Савушкина', '<p><img src=''./img/2.jpg'' alt=''А. П. Савушкин'' align=''left''/>Александр Петрович Савушкин (5 февраля 1918 года, дер. Пышлицы Шатурского района Московской области — 17 мая 1943 года) — советский лётчик-истребитель, Герой Советского Союза. Окончил 7 классов и Шатурторфскую школу ФЗУ, после чего работал слесарем на Московском электроламповом заводе. Одновременно с этим закончил аэроклуб. Служил в Красной Армии с 1938 года. В том же году выпустился из Борисоглебской военной авиашколы пилотов. Участвовал в Советско-финской войне (1939—1940). На фронтах Великой Отечественной войны воевал с июня 1941 года, с того же года — член ВКП(б). Совершил 373 боевых вылета на истребителях ЛаГГ-3 и P-39 «Аэрокобра», защищая Ленинград от налётов гитлеровской авиации. В 49 боях сбил восемнадцать вражеских самолётов и один аэростат-корректировщик. Был трижды ранен, каждый раз после этого досрочно возвращался в свою часть. Трагически погиб 17 мая 1943 года, когда вылетел в тыл за новыми самолётами на военно-транспортном самолёте «Дуглас». Аэродром, с которого он вылетал, был обстрелян артиллерией, из-за чего самолёт оказался недостаточно хорошо подготовлен к полету, что привело к авиационной катастрофе. Герой был похоронен в Ленинграде на воинском кладбище Сосновского лесопарка (в месте, где во время войны располагался полевой аэродром «Сосновка»).</p>', 15, 51),
(43, '', '', 0, 52),
(44, 'ул. Карбышева', '<img src=''./img/1.jpg'' alt=''ул. Карбышева'' align=''left''/><br />Дмитрий Михайлович Карбышев (1880 - 1945) родился в Омске – выдающийся советский инженер, доктор военных наук, генерал-лейтенант инженерных войск.<br /><br />Окончив в Петербурге Военно-инженерное училище, офицер Карбышев принимал участие в обороне Порт-Артура и во многих других операциях русско-японской войны 1904-1905 годов. Позднее он с отличием закончил Петербургскую инженерную академию.<br /><br />Организовывал инженерное обеспечение многих операций Красной Армии. После гражданской войны он вел большую научно-педагогическую работу в военных академиях. Карбышев был участником боев на Карельском перешейке в 1939-1940 годах. В августе 1941 года в бою севернее города Могилева генерал Карбышев был контужен и в бессознательном состоянии попал в плен. Гитлеровцы привезли его в Берлин, пытались склонить на свою сторону. Но коммунист Карбышев не изменил своей Родине.<br /><br />Три с половиной года провел Д.М. Карбышев в фашистском застенке. Ни пытки, ни каторжная работа – ничто не могло сломить волю стойкого советского патриота. Тогда фашистские палачи предали Карбышева неимоверной пытке. В морозную ночь с 17 на 18 февраля 1945 года во дворе лагеря Маутхаузен они несколько часов обливали его, совсем раздетого, холодной водой, пока узник не умер.<br /><br />Президиум Верховного Совета СССР 16 августа 1946 года посмертно присвоил Дмитрию Михайловичу Карбышеву звание Героя Советского Союза. В 1948 году на месте его гибели установили обелиск, а в Москве, на доме, где он жил, - мемориальную доску.<br /><br />В 1964 году в Маутхаузене был сооружен новый величественный памятник. На монументе высечена лаконичная надпись: ''Дмитрию Карбышеву. Ученому. Воину. Коммунисту''.<br /><br />В Выборгском районе нашего города в мае 1965 года Малая Спасская улица была переименована в улицу Карбышева. Она проходит между 1-Муринским проспектом и площадью Мужества. На здании Инженерного замка установлена мемориальная доска, рассказывающая о том, что здесь в 1898-1900 и 1908-1911 годах учился выдающийся советский военный инженер, ученый и патриот.', 3, 53),
(45, 'улица Александра Матросова', '<img src=''./img/2.jpg'' alt=''улица Александра Матросова'' align=''left'' /><br />Александр Матросов родился в 1924 году. Он рано потерял родителей. Его настоящей семьей стала Уфимская детская трудовая колония. Там Александр учился в школе, приобрел специальность слесаря. Осенью 1942 года Александра Матросова призвали в Советскую Армию. В военном пехотном училище в Краснохолмске он овладевал боевым мастерством. В ноябре 1942 года комсомолец Матросов в составе маршевой роты курсантов ушел добровольцем на фронт. 23 февраля 1943 года 2-й батальон 254-го гвардейского полка вел упорный бой за деревню Чернушки севернее Великих Лук. Штурмовой группе удалось блокировать два вражеских дзота, но третий продолжал вести губительный огонь. В этом бою связной командира роты Александр Матросов совершил великий подвиг, навеки обессмертивший его имя. Вызвавшись уничтожить дзот, юный патриот, когда кончились гранаты, закрыл своим телом амбразуру дзота.<br /><br />Указом Президиума Верховного Совета СССР от 19 июня 1943 года Александру Матвеевичу Матросову посмертно присвоено звание Героя Советского Союза. Рядовой Матросов был навечно зачислен в списки 1-й роты гвардейского полка, носящего его имя.<br /><br />В декабре 1952 года Батенина улица и Реймеровский проспект на Выборгской стороне (так они назывались по фамилиям владельцев мелких предприятий) были объединены в одну улицу, получившую название в память об Александре Матросове. Эта улица отходит от Выборгской набережной за улицу Харченко.<br /><br />Памятник Александру Матвеевичу Матросову установлен 7 мая 1968 года в сквере на перекрестке ул. А. Матросова и Б. Сампсониевского пр.<br /><br />Памятник представляет высокой столб из серого гранита, из которого как бы вырастает торс героя в плащ-палатке. Он в каске и с автоматом в руке. Высота памятника – 3,5 метра. Скульптор Л.М. Торич. Архитектор Л. Шимановский.', 3, 54),
(52, 'Площадь Мужества', '<img src=''./img/6.jpg'' alt=''Площадь Мужества'' align=''left'' /><br />Эта часть земли Выборгской стороны лежит на пути к Пискаревскому кладбищу – самому большому в мире захоронению жертв войны.Отсюда начинается проспект Непокоренных – самая главная дорога к Пискаревскому кладбищу.<br /><br />Проезд к мемориалу обрамлен двумя величественными зданиями – пропилеями в начале 2-го Муринского проспекта.Наименование Площадь Мужества установлено в мае 1965 года в честь 20-летия Победы.В новом названии увековечена память о мужестве защитников Ленинграда и его героических граждан в годы блокады.', 3, 61),
(53, 'улица Комиссара Смирнова', '<img src=''./img/7.jpg'' alt=''улица Комиссара Смирнова'' align=''left'' /><br />В прошлом она называлась Ломанским переулком. С января 1949 года улица носит имя героя Великой Отечественной войны Николая Алексеевича Смирнова (1911-1941). В начале Великой Отечественной войны тысячи выборжцев влились в ряды Ленинградской армии народного ополчения. Вместе с ними ушел на фронт и Н.А. Смирнов, назначенный комиссаром 3-го стрелкового полка.<br /><br />22 сентября 1941 года в жестоком бою за деревню Камень на Пулковских высотах Н.А. Смирнов был смертельно ранен. Тело скончавшегося на поле боя отважного комиссара перевезли в Ленинград и похоронили на Пискаревском кладбище.', 3, 62),
(56, 'улица Грибалевой', '<img src=''./img/9.jpg'' alt=''улица Грибалевой'' align=''left'' /><br />Улица носит имя героя Великой Отечественной войны комсомолки Валентины Александровны Грибалевой (1919-1945). Здесь, на Выборгской стороне, в годы Великой Отечественной войны находилось учебное танковое подразделение, в котором она служила.<br /><br />Когда началась война, став бойцом отряда МПВО, она дежурила на крышах домов, гасила зажигательные бомбы, оказывала помощь раненым. В январе 1943 года комсомолка Грибалева добровольно вступила в Советскую Армию. В учебном подразделении девушка овладела специальностью механика-водителя. Затем служила в 220-й отдельной танковой бригаде.<br /><br />В.А. Грибалева отважно сражалась в боях по снятию блокады Ленинграда, участвовала в наступлении на Карельском перешейке, в освобождении Эстонской ССР и Польши. На своей боевой машине (она была водителем легкого ''Т-60'', потом мощного ''Т-34'') всегда одной из первых врывалась на огневые позиции врага. На ее счету несколько уничтоженных блиндажей и дзотов, раздавленных пушек и минометов врага.<br /><br />В феврале 1945 года в одном из ожесточенных боев на западном берегу Одера ее танк был подбит, отважная девушка воин погибла. За проявленное мужество и героизм в боях против фашистских захватчиков В.А. Грибалева награждена орденами Красного Знамени, Отечественной войны 1-й степени, медалями ''За отвагу'', ''За оборону Ленинграда''.', 3, 65),
(55, 'улица Кантемировская', '<img src=''./img/8.jpg'' alt=''улица Кантемировская'' align=''left'' /><br />Кантемировская улица проходит от Выборгской набережной до Полюстровского проспекта (Выборгский район). Она так названа в декабре 1952 года в память об освобождении советскими войсками от немецких захватчиков в январе 1943 года Кантемировки, крупного населенного пункта и железнодорожной станции Воронежской области.<br /><br />В последующие годы был сооружен новый современный мост через Большую Невку, названный также Кантемировским.', 3, 64),
(51, 'Памятник Александру Матросову', '<img src=''./img/3.jpg'' alt=''Памятник Александру Матросову'' align=''left'' /><br />Александр Матросов родился в 1924 году. Он рано потерял родителей. Его настоящей семьей стала Уфимская детская трудовая колония. Там Александр учился в школе, приобрел специальность слесаря. Осенью 1942 года Александра Матросова призвали в Советскую Армию. В военном пехотном училище в Краснохолмске он овладевал боевым мастерством. В ноябре 1942 года комсомолец Матросов в составе маршевой роты курсантов ушел добровольцем на фронт. 23 февраля 1943 года 2-й батальон 254-го гвардейского полка вел упорный бой за деревню Чернушки севернее Великих Лук. Штурмовой группе удалось блокировать два вражеских дзота, но третий продолжал вести губительный огонь. В этом бою связной командира роты Александр Матросов совершил великий подвиг, навеки обессмертивший его имя. Вызвавшись уничтожить дзот, юный патриот, когда кончились гранаты, закрыл своим телом амбразуру дзота.<br /><br />Указом Президиума Верховного Совета СССР от 19 июня 1943 года Александру Матвеевичу Матросову посмертно присвоено звание Героя Советского Союза. Рядовой Матросов был навечно зачислен в списки 1-й роты гвардейского полка, носящего его имя.<br /><br />В декабре 1952 года Батенина улица и Реймеровский проспект на Выборгской стороне (так они назывались по фамилиям владельцев мелких предприятий) были объединены в одну улицу, получившую название в память об Александре Матросове. Эта улица отходит от Выборгской набережной за улицу Харченко.<br /><br />Памятник Александру Матвеевичу Матросову установлен 7 мая 1968 года в сквере на перекрестке ул. А. Матросова и Б. Сампсониевского пр.<br /><br />Памятник представляет высокой столб из серого гранита, из которого как бы вырастает торс героя в плащ-палатке. Он в каске и с автоматом в руке. Высота памятника – 3,5 метра. Скульптор Л.М. Торич. Архитектор Л. Шимановский.', 3, 60),
(48, '', '', 0, 57),
(49, 'улица Смолячкова', '<img src=''./img/4.jpg'' alt=''улица Смолячкова'' align=''left'' /><br />Бесстрашный воин Феодосий Артемьевич Смолячков (1923-1942) был зачинателем снайперского движении на Ленинградском фронте.<br /><br />В Ленинград Смолячков приехал в 1940 году из Белоруссии. Учился в школе ФЗО. Став каменщиком, строил дома на Выборгской стороне и Московском проспекте.<br /><br />В июле 1941 года Смолячков вступил в ряды народного ополчения, защищавшего подступы к Ленинграду. Он не раз по заданию командования переходил линию фронта, приносил ценные военные сведения. В октябре 1941 года сбылась его мечта: молодой боец получил снайперскую винтовку.<br /><br />Необыкновенно метко стрелял Смолячков. Только за первые три дня, проведенные в снайперской засаде, ему удалось уничтожить двенадцать фашистов. К середине января 1942 года снайперский счет Смолячкова достиг неслыханной цифры. Сто двадцать шесть раз нажал он на спусковой крючок, и лишь одна пуля прошла мимо цели.<br /><br />15 января 1942 года отважный воин погиб. Ф.А. Смолячкову было посмертно присвоено звание Героя Советского Союза. Он был похоронен на Чесменском кладбище в Московском районе.<br /><br />Ленинградцы увековечили имя снайпера Смолячкова. В декабре 1952 года Роченсальмский и Бабурин переулки в Выборгском районе были переименованы в улицу Смолячкова. Она проходит от Выборгской набережной до Лесного проспекта. 22 февраля 1968 года в сквере на этой улице, при пересечении ее с Б. Сампсониевским пр., герою-снайперу открыт памятник.<br /><br />Памятник представляет собой бронзовый бюст высотой 0,7 метра, установленный на постаменте высотой 2,5 метра.', 3, 58),
(50, 'Памятник Смолячкову', '<img src=''./img/5.jpg'' alt=''Памятник Смолячкову'' align=''left'' /><br />Бесстрашный воин Феодосий Артемьевич Смолячков (1923-1942) был зачинателем снайперского движении на Ленинградском фронте.<br /><br />В Ленинград Смолячков приехал в 1940 году из Белоруссии. Учился в школе ФЗО. Став каменщиком, строил дома на Выборгской стороне и Московском проспекте.<br /><br />В июле 1941 года Смолячков вступил в ряды народного ополчения, защищавшего подступы к Ленинграду. Он не раз по заданию командования переходил линию фронта, приносил ценные военные сведения. В октябре 1941 года сбылась его мечта: молодой боец получил снайперскую винтовку.<br /><br />Необыкновенно метко стрелял Смолячков. Только за первые три дня, проведенные в снайперской засаде, ему удалось уничтожить двенадцать фашистов. К середине января 1942 года снайперский счет Смолячкова достиг неслыханной цифры. Сто двадцать шесть раз нажал он на спусковой крючок, и лишь одна пуля прошла мимо цели.<br /><br />15 января 1942 года отважный воин погиб. Ф.А. Смолячкову было посмертно присвоено звание Героя Советского Союза. Он был похоронен на Чесменском кладбище в Московском районе.<br /><br />Ленинградцы увековечили имя снайпера Смолячкова. В декабре 1952 года Роченсальмский и Бабурин переулки в Выборгском районе были переименованы в улицу Смолячкова. Она проходит от Выборгской набережной до Лесного проспекта. 22 февраля 1968 года в сквере на этой улице, при пересечении ее с Б. Сампсониевским пр., герою-снайперу открыт памятник.<br /><br />Памятник представляет собой бронзовый бюст высотой 0,7 метра, установленный на постаменте высотой 2,5 метра.', 3, 59),
(57, 'улица Харченко', '<img src=''./img/10.jpg'' alt=''улица Харченко'' align=''left'' /><br />Михаил Семенович Харченко родился 10 февраля 1918 года в поселке Дедовичи Псковской области в семье рабочего. Работал слесарем на молокозаводе, директором Дома культуры. В Советской Армии в 1939-40 и с 1941 года. Участник советско-финляндской войны 1939-1940 гг. Во время Великой Отечественной войны был командиром пулеметного отделения партизанского отряда ''Грозный''. С 16 февраля 41 года по 15 марта 1942 года уничтожил свыше ста оккупантов.', 3, 66);
INSERT INTO placemark VALUES
(65, 'Памятник защитникам ленинградского неба на фронтовом аэродроме ''Сосновка''', '<img src=''./img/11.jpg'' alt=''Памятник защитникам ленинградского неба '' align=''left'' /><br />Обелиск высотой 8 метров с бронзовым барельефом летчика и ''Крылья самолета'' размахом в 21 метр созданы архитекторами Л. Матвеевой и В. Виноградовой; конструктор – В. Вильнер.<br /><br />В сентябре 1941 года Ленинград был полностью блокирован с суши. Авиация фронта потеряла возможность маневрирования – внутри кольца осталось крайне мало стационарных аэродромов. Перед командованием встала задача – немедленно построить полевые аэродромы. В числе первых был построен хорошо скрытый полевой аэродром ''Сосновка'' Уже к концу октября 1941 года на этот аэродром перебазировался из Тихвина 44 Краснознаменный скоростной авиационный полк бомбардировщиков. 15 летчикам из этого полка было присвоено звание Героя Советского Союза.<br /><br />На полевом аэродроме ''Сосновка'' базировались также 159 истребительный полк и 11 Гвардейский истребительный полк. Летчики этих полков круглосуточно несли боевую вахту по защите Ленинградского неба и обеспечивали безопасность Дороги Жизни. 13 отдельный разведывательно-авиационный полк также выполнял разведывательные полеты с аэродрома ''Сосновка''.<br /><br />При выполнении боевых заданий части базировавшихся полков несли потери личного состава, и многие из павших героев похоронены на братском кладбище в ''Сосновке'', недалеко от взлетной полосы. Всего на кладбище покоится 51 человек. Здесь похоронен и Александр Петрович Савушкин – летчик, погибший в 1943 году при выполнении боевого задания. Его именем названа большая улица в Приморском районе.<br /><br />В 1977 году по инициативе ветеранов авиации Ленинградского фронта в парке ''Сосновка'' был построен и торжественно открыт ''Памятник защитникам Ленинградского неба''. Позднее в Сосновском парке был открыт еще один памятник героям – летчикам 1941-1945 гг.', 3, 74),
(59, 'Непокоренных проспект', '<img src=''./img/1.jpg'' alt=''Непокоренных проспект'' align=''left'' /><br />Эта часть земли Выборгской стороны лежит на пути к Пискаревскому кладбищу – самому большому в мире захоронению жертв войны. Отсюда начинается проспект Непокоренных – самая главная дорога к Пискаревскому кладбищу.<br /><br />Название присвоено в январе 1964 года к 20-й годовщине снятия блокады Ленинграда. Проспект включил в себя бывшую Большую Спасскую улицу (участок от площади Мужества до улицы Бутлерова) и Большую Пискаревскую дорогу.', 4, 68),
(60, 'Пискаревское Мемориальное кладбище', '<img src=''./img/2.jpg'' alt=''Пискаревское Мемориальное кладбище'' align=''left'' /><br />Пискаревское мемориальное кладбище расположено на севере Санкт-Петербурга, одно из мест массовых захоронений жертв блокады Ленинграда и воинов Ленинградского фронта. На кладбище воздвигнут мемориал павшим.<br /><br />Пискаревское кладбище основано в 1939 году на северной окраине Ленинграда и было названо по располагавшейся неподалеку деревне Пискаревка. В 1941—1944 гг. стало местом массовых захоронений. В братских могилах захоронены жертвы блокады Ленинграда и воины Ленинградского фронта.<br /><br />В феврале 1945 года был проведен конкурс на проект мемориала ленинградцам, погибшим во время блокады. В 1956 году на площади свыше 26 гектаров началось строительство мемориального комплекса по проекту архитекторов А. В. Васильева и Е. А. Левинсона. Мемориал был открыт 9 мая 1960 года, в пятнадцатую годовщину Победы советского народа в Великой Отечественной войне. Вечный огонь был зажжен от огня на Марсовом поле.<br /><br />В центре архитектурно-скульптурного ансамбля находится шестиметровая бронзовая скульптура ''Родина-Мать'' — траурная стела с горельефами, воссоздающими эпизоды жизни и борьбы сражающегося Ленинграда.', 4, 69),
(61, '', '', 0, 70),
(62, 'Монумент “Родина-Мать”', '<img src=''./img/3.jpg'' alt=''Монумент “Родина-Мать”'' align=''left'' /><br />Статуя Родина-Мать – бронзовое олицетворение осиротевших матерей. Скорбь ее безутешна, строгим величием дышит оно, исполненное всепобеждающей силы духа. Гирлянда из дубовых листьев в ее руках – символ мужества и вечной славы. Шестиметровая статуя на шестиметровом пьедестале из полированного гранита видна от самого входа на кладбище. Над образом Матери-Родины работали В.В. Исаева и Р.К. Туарит.<br /><br />За монументом Матери-Родины расположена стена-стела. В центре стены выбиты эти строгие, горькие и светлые слова Ольги Бергольц; они как клятва живых под вечной охраной гранита. Ансамбль открыт 9 мая 1960 года', 4, 71),
(63, 'улица Верности', '<img src=''./img/4.jpg'' alt=''улица Верности'' align=''left'' /><br />14 июля 1965 года в Ленинграде появилась улица Верности. Имя было дано со следующим обоснованием: ''Улица расположена севернее территории Пискаревского кладбища. Названа в честь верности Родине, городу, воинскому долгу, дружбе и т. д.''.<br /><br />Несколько раньше в этом же районе, вблизи от Пискаревского кладбища, на котором похоронены сотни тысяч ленинградцев, погибших и умерших голодной смертью во время блокады в годы Великой Отечественной войны, появились проспект Непокоренных и площадь Мужества. В этих наименованиях отразился беспримерный подвиг ленинградцев, выдержавших 900-дневную блокаду, продолжавшуюся с 8 сентября 1941 до 27 января 1944 года.', 4, 72),
(64, 'Мемориальная доска на доме №6 пр. Непокоренных', '<img src=''./img/5.jpg'' alt=''Проспект непокоренных , 6'' align=''left'' /><br />В конце 1941 года в Ленинграде прекратил работать водопровод. В блокадные дни ленинградцы приходили за водой к колодцу, который стал для них источником Жизни.<br /><br />В 1979 году на стене дома № 6 по пр. Непокоренных создана мемориальная композиция – своеобразный памятник мужеству ленинградцев, проявленному ими в годы фашистской блокады. Над чашей с водой укреплен круглый рельеф, изображающий женщину с ребенком (Ск. М.Л. Круп, арх. А.Я. Свирский). Надпись гласит: Здесь в суровые годы блокады был источник жизни. Этот медальон-памятник назван Блокадный колодец.', 4, 73),
(66, 'Памятник медикам, павшим в войнах (пл. Военных медиков)', '<img src=''./img/12.jpg'' alt=''Памятник медикам'' align=''left'' /><br />На пересечении Б. Сампсониевского пр. и Боткинской ул. находится небольшая площадь Военных Медиков (с 7 мая 1996 г.). Памятник, посвященный военным медикам, павшим в войнах, представляет собой однокупольное гранитное сооружение, напоминающее античный храм, внутри которого зажжен Вечный огонь. Памятник декорирован воинскими атрибутами: бронзовыми щитами (с рельефными вазой и змеей — символами медицины), скрещенными копьями, факелами.<br /><br />Памятник, сооруженный на средства и пожертвования Министерства обороны РФ, Военно-медицинской академии, был открыт 8 мая 1996 г.', 3, 75),
(67, 'Объединение «Эскалатор» им. И. Е. Котлякова', '<img src=''./img/1.jpg'' align=''left'' title=''Объединение «Эскалатор» им. И. Е. Котлякова'' alt=''Объединение «Эскалатор» им. И. Е. Котлякова'' /><br /><p>Стела. Гранит. 1975 год. Архитектор Н. В. Бровкин. Инженер Н. И. Альтани. На лицевой стороне стелы высечен текст: «В суровые годы войны и блокады вы, беззаветные защитники, Родине отдали жизни свои». </p><br /><p><br />Ниже накладными бронзовыми буквами: «Бессмертны подвиги ваши как жизнь». <br /></p><br /><p><br />На торцевой грани стелы высечена надпись: «Трудящимся завода, павшим в борьбе за независимость нашей Родины в Великой Отечественной войне» — и ниже бронзовыми цифрами: «1941—1945».<br /></p>', 2, 76),
(68, 'Памятник экипажу крейсера ''Киров''', '<img src=''./img/4.jpg'' align=''left'' title=''Памятник экипажу крейсера ''Киров'''' alt=''Памятник экипажу крейсера ''Киров'''' /><br />Открыт 30 сентября 1990 года. Архитекторы М.В. Круглов, В.Н. Соколов, А.Б. Корольков, В.А. Реппо. Мемориальная композиция, включающая части боевого корабля, принимавшего участие в обороне города. Материал: бронза, гранит.<br /><div class=''flashBox''><br />							<OBJECT classid=''clsid:D27CDB6E-AE6D-11cf-96B8-444553540000'' codebase=''http://download.macromedia.com/pub/shockwave/cabs/flash/swflash.cab#version=6,0,0,0'' WIDTH=''454'' HEIGHT=''454'' id=''flashMovie'' ALIGN=''''> <PARAM NAME=movie VALUE=''./img/pushki.swf''><PARAM NAME=''quality'' VALUE=''high''><PARAM NAME=''scale'' VALUE=''noborder''><PARAM NAME=''wmode'' VALUE=''transparent''><PARAM NAME=''bgcolor'' VALUE=''#FFFFFF''><EMBED src=''./img/pushki.swf'' quality=''high'' scale=''noborder'' wmode=''transparent'' bgcolor=''#FFFFFF'' WIDTH=''454'' HEIGHT=''454'' NAME=''flashMovie'' ALIGN='''' TYPE=''application/x-shockwave-flash'' PLUGINSPAGE=''http://www.macromedia.com/go/getflashplayer''></EMBED></OBJECT></div>', 2, 77),
(69, 'Невский мемориал «Журавли»', '<img src=''./img/3.jpg'' align=''left'' title=''Невский мемориал ''Журавли'''' alt=''Невский мемориал ''Журавли'''' /><br />Мемориал ''Журавли'' был сооружен в 1977-1980 гг. и установлен на месте братских захоронений,где где покоятся останки защитников Ленинграда, жителей блокадного города, а также выдающиеся военачальники.<br />В мемориальный ансамбль братского захоронения входят монументальная стела с летящими журавлями, обелиск, надгробные плиты и бронзовая статуя девушки с венком. Стела представляет собой скульптурную группу из пяти летящих журавлиных фигур, изображенных авторами композиции Л. Могилевским, Д. Гольднером, А. Изотовым, А. Аланнэ.', 12, 78),
(70, 'Киновеевское кладбище', '<img src=''./img/2.jpg'' align=''left'' title=''Киновеевское кладбище'' alt=''Киновеевское кладбище'' /><br />Открыто в 1848 при киновии - небольшом общежительском монастыре (основан в 1820 митрополитом Михаилом для больных и престарелых монахов).<br />На территории кладбища - братские могилы воинов Ленинградских фронтовиков и ленинградцев, умерших в блокаду.', 12, 79),
(71, 'Памятник И. И. Тамбасову (1922—1943)', '<img src=''./img/1.jpg'' align=''left'' title=''Памятник И. И. Тамбасову'' alt=''Памятник И. И. Тамбасову'' /><br />Памятник представляет собой мемориальное орудие И. Тамбасова. <br />Памятник установлен старшине 1-ой статьи Ивану Тамбасову, спасшему линкор «Октябрьская революция» ценою своей жизни.<br />Памятник открыт 27 июня 1957 года. На боковой стороне орудия, слева, укреплена латунная доска с текстом: «Орудие имени Ивана Тамбасова. 16 апреля 1943 года пал смертью храбрых командир орудия старшина 2 статьи кандидат ВКП(б) Иван Тамбасов. От попадания вражеского снаряда загорелся боезапас, угрожая орудию и артпогребу. Рискуя жизнью, Иван Тамбасов выбрасывал горящие снаряды за борт и своим героическим подвигом спас свою пушку и артиллерийский погреб. <br />Приказом командующего КБФ 4 мая 1943 года Иван Тамбасов посмертно награжден орденом Красное Знамя, зачислен навечно в списки корабля. Данному орудию присвоено его имя».', 9, 80),
(72, 'Мемориальная доска В.В. Вишневскому', '«Вишневский Всеволод Витальевич. 1900—1951. Советский писатель-коммунист, лауреат Государственной премии, капитан I ранга, балтиец. Участник Великой Октябрьской революции, гражданской и Великой Отечественной войн. В годы блокады Ленинграда — пламенный агитатор, военный корреспондент газеты «Правда». Автор произведений «Мы из Кронштадта», «Оптимистическая трагедия» и других»<br />Мрамор. 93x64. 1970 год. Авторы Г. К. Васильев, Ю. А. Возлев. ', 9, 81),
(73, 'Мемориальная доска Ю.А. Инге', '«Инге Юрий Алексеевич (1905—1941) — поэт и моряк. Он воспел море и погиб в море во время героического перехода наших кораблей из Таллина на защиту Ленинграда 26 августа 1941 года. Балтика была его жизнью. Родина его не забудет». <br />Мрамор. 43x90. 1967 год. Архитектор Е. П. Линцбах.', 9, 82),
(74, 'Мемориальная доска А.А. Лебедеву', '«Лебедев Алексей Алексеевич (1912—1941) штурман подводной лодки «Л-2». Поэт-комсомолец. Погиб на Балтике при выполнении боевого задания». <br />Мрамор. 50x100. 1978 год. Архитектор В. А. Ануфриев. ', 9, 83),
(75, 'Памятник героям Морского завода', '<img src=''./img/2.jpg'' align=''left'' title=''Памятник героям Морского завода'' alt=''Памятник героям Морского завода'' /><br />Стела с рельефом. На лицевой стороне стелы высечены слова: «Подвиги морзаводовцев в Великой Отечественной войне бессмертны».<br />Гранит. 1967 год. Скульптор В.А.Ануфриев. Инженеры: Р. А. Уколов, Е. Ф. Шепель.', 9, 84),
(76, 'Памятник Линкору «Октябрьская Революция»', '<img src=''./img/3.jpg'' align=''left'' title=''Памятник Линкору «Октябрьская Революция»'' alt=''Памятник Линкору «Октябрьская Революция»'' /><br /><p><br />Памятник представляет собой два якоря-холла. На якорях укреплены две одинаковые латунные мемориальные доски, тексты которых гласят: <br />«Якорь-холл. С Краснознаменного линейного корабля «Октябрьская революция»». <br />«Якорь кормовой — стопанкер. Вес 175 пудов (2800 кг), предназначен для использования как стопанкер для постановки корабля на шпринг. Якорь находился на корабле со дня вступления в строй.<br /></p><br /><p><br />В 1909 году под непосредственным руководством выдающегося русского кораблестроителя А. Н. Крылова на Адмиралтейском заводе началось строительство линкора «Гангут» водоизмещением в 23 тыс. тонн. <br /></p><br /><p><br />В 1914 году корабль вступил в строй действующих кораблей Балтийского флота. <br />Якорь снят с линкора 6 ноябре 1956 года и установлен здесь в мае 1957 года». <br /></p><br /><p><br />Корабельная артиллерия линкора била по врагу, осаждавшему Ленинград в 1941—1944 годах. <br />Памятник сооружен в 1957 году. <br />О Краснознаменном линейном корабле «Октябрьская революция» подробнее Вы можете узнать, перейдя <a href=''http://natty89.site-manager.ru/morskoy_flot_kronshtadta/krasnoznamennyy_lineynyy_korabl__oktyabrsk/''>по этой ссылке</a><br /></p>', 9, 85),
(77, 'Памятник героям-подводникам Балтийского флота', '<img src=''./img/4.jpg'' align=''left'' title=''Памятник героям-подводникам Балтийского флота'' alt=''Памятник героям-подводникам Балтийского флота'' /><br /><p><br />Стела с рельефом. На лицевой стороне стелы высечен текст: <br />«Слава морякам-подводникам Краснознаменного Балтийского флота, защищавшим в период Великой Отечественной войны подступы к городу Ленина».<br /></p><br /><p><br />С тыльной стороны стелы укреплена мраморная доска с текстом: <br />«Сооружен силами и средствами личного состава учебного отряда подводного плавания по инициативе и под руководством капитана 1-го ранга Юнакова Е. Г. Архитекторы: Мейсель М. Н., Афанасьев М. А. 9 мая 1965 года».<br /></p><br />Гранит. 1965 год. Архитекторы: М. Н. Мейсель, М. А. Афанасьев.', 9, 86),
(78, 'Памятник  «Малой Дороге жизни»', '<img src=''./img/5.jpg'' align=''left'' title=''Памятник  «Малой Дороге жизни»'' alt=''Памятник  «Малой Дороге жизни»'' /><br />Композиция в виде «ежа» из металлических балок на бетонном основании. Текст на мраморной доске: «Здесь в годы блокады Ленинграда проходила «Малая Дорога жизни» Горская — Кронштадт — Ораниенбаумский плацдарм. 1941— 1944 гг.». <br />1974 год. Художник В. А. Ануфриев. Инженер А. С. Побережский.', 9, 87),
(79, 'Мемориальные доски в память о погибших сотрудниках Морского завода', '<img src=''./img/6.jpg'' align=''left'' title=''Мемориальные доски в память о погибших сотрудниках Морского завода'' alt=''Мемориальные доски в память о погибших сотрудниках Морского завода'' /><br />Мемориальные доски в память о погибших сотрудниках Морского завода.<br/><br />Чугун. 64x46. 1958 год.', 9, 88),
(80, 'Мемориальная доска в честь Народного ополчения', '«Отсюда в июле 1941 года уходили отряды кронштадтских народных ополченцев на защиту города Ленина от немецко-фашистских захватчиков». <br/><br />Мрамор. 100x52. 1971 год. Авторы: Г. К. Васильев, Ю. А. Возлев.', 9, 89),
(81, 'Мемориальная доска, посвященная труду и жизни осажденного города.', '<p><br />«Памяти товарищей: Багдасарьянца О. А., Кагана Э. Э., Верещинского М. О., Чесницкого С. А., Львовой А. И., Бодулиной С. В., Шугаевой Е. А., Ершова В. Г., Палий Н. С, Полегошко А. В., Гайдаво И. А., Семенова Ф. А., Козлова В. П., Карповой Е. И., Щеголевой А. П., Степановой Е. И., Азисовой П. X., павших на боевом посту при варварской бомбардировке госпиталя немецко-фашистскими захватчиками 21 сентября 1941 г.». <br />Мрамор. 121x80. 1967 год.<br /></p><br />Кронштадтский военно-морской госпиталь награжден орденом Ленина.', 9, 90),
(82, 'Мемориальная доска, посвященная труду и жизни осажденного города.  Ремонтный завод, на здании цеха.', '<br /><p><br />«В память рабочих, ИТР и служащих рем. завода, погибших во время вражеской бомбардировки 21 сентября 1941 г. <br />Вечная слава героям, павшим за свободу и независимость нашей Родины!» <br /></p><br />Медь. 1965 год.', 9, 91),
(83, 'Мемориальная доска, посвященная труду и жизни осажденного города.  Электросеть 37, на здании цеха.', '<p><br />«В память погибших в период Великой Отечественной войны 1941—1945 гг. при артобстреле у турбогенератора № 1... [Перечень фамилий]. <br /></p><br />Мрамор. 105x81. 1975 год. Автор С. Н. Векшин. ', 9, 92),
(84, 'Надпись и мемориальная доска на улице Аммермана, 25', '<p><br />«Граждане! <br />При артобстреле эта сторона улицы наиболее опасна». <br />Штукатурка. Краска. 65x92. <br />Ниже помещена мемориальная доска: «В память о героизме и мужестве кронштадтцев в дни 900-дневной блокады сохранена эта надпись». <br /></p><br />Мрамор. 25x77. 1973 год. ', 9, 93),
(109, 'Гастелло, 19', '<img src=''./img/2.jpg'' alt=''Гастелло, 19'' align=''left'' /><br />Музей Боевой Славы II Дивизии Народного Ополчения был открыт 4 мая 1979 года. Создание Музея – это заслуга Совета ветеранов 85 стрелковой дивизии (бывшей II Дивизии Народного Ополчения), энтузиазма преподавателя по начальной военной подготовке Кадина Юрия Хацкелевича, который вместе с преподавателями и студентами Техникума Холодильной промышленности провёл большую поисковую работу  по увековечиванию подвига ополченцев Московского района при защите Ленинграда и освобождению нашей страны от фашистских захватчиков. <br />   Музей посвящён ополченцам, воинам 85 стрелковой дивизии, которые прошли  боевой путь  с 1941 по 1945 годы. Ополченцы II Дивизии Народного Ополчения  в июле-августе 1941 года вели упорные бои на дальних подступах к городу на Лужском оборонительном рубеже, где почти на месяц задержали врага. В течение всей блокады воины 85 стрелковой дивизии боролись за город, находясь в блокадном кольце, участвовали в первой наступательной операции на Ленинградском фронте - Старо-Паново-Урицк. Затем были тяжёлые бои на Пулковских высотах, освобождение  городов Пушкин и Павловск, освобождение Прибалтики, окончание войны в Курляндии  в 1945 году.<br />   Сегодня Музей располагает более 2500 подлинных свидетельств Великой Отечественной войны. Музей собирает, хранит и демонстрирует их во имя сохранения памяти о подвигах наших отцов, дедов и прадедов. Среди наиболее ценных экспонатов - военные карты, дивизионная газета «За победу» 1941-1945гг., газета «Красная звезда» 1941-1945гг., дневники, воспоминания, документы, записные книжки, большой фотоархив, личные вещи воинов, части оружия, предметы военного быта, листовки, книги.<br />', 11, 118),
(110, 'Московский пр, 83', '<img src=''./img/7.jpg'' alt=''Московский пр, 83'' align=''left'' /><br />С началом Великой Отечественной войны Московский проспект стал одной из основных фронтовых магистралей. Около виадука был контрольно-пропускной пункт. Трамвай No.3, всю войну курсировавший по проспекту, за исключением блокадной зимы 1941-42 года, делал здесь последнюю остановку и кондуктор обычно объявлял: ''Вагон дальше не идет. Дальше фронт''.  <br />Московский пр., 83.  Трампарк им. Е.И. Красуцкого, мемориальная доска «Подвигу трамвайщиков блокадного Ленинграда, 7-го марта 1942 г. из этого парка вышли на линию первые грузовые трамвайные поезда»<br />', 11, 119),
(94, 'Волковское кладбище', '<img src=''./img/3.jpg'' alt=''Волковское кладбище'' align=''left'' /><br />В годы блокады на кладбище устраивались массовые захоронения, место которых отмечено памятником. Именно здесь, на Волковом, еще в 41-м начали хоронить первых мирных жителей. Уже позднее страшные поля появились на Пискаревском и других петербургских погостах.<br />', 17, 103),
(91, 'Мемориал защитникам Отечества', '<img src=''./img/11.jpg'' align=''left'' title=''Мемориал защитникам Отечества'' alt=''Мемориал защитникам Отечества'' /><br /><p><br />На ограждении Кронштадтского военного порта установлены мемориальные доски, на которых перечислены все части и корабли, участвующие в обороне Кронштадта.<br /></p>', 9, 100),
(86, 'Надпись и мемориальная доска на улице Урицкого, 17', '<p><br />На фасаде здания сохранена надпись военных лет: «Граждане! При артобстреле эта сторона улицы наиболее опасна». <br />Штукатурка. Краска. 65x90. <br />Ниже установлена мемориальная доска: «В память о героизме и мужестве кронштадтцев в дни 900-дневной блокады сохранена эта надпись». <br /></p><br />Мрамор. 25x73. 1973 год. ', 9, 95),
(87, 'Братская могила, погибших при взрыве на линейном корабле «Марат»', '<img src=''./img/7.jpg'' align=''left'' title=''Братская могила, погибших при взрыве на линейном корабле «Марат»'' alt=''Братская могила, погибших при взрыве на линейном корабле «Марат»'' /><br /><p><br />Братская могила, погибших при взрыве на линейном корабле «Марат». На городском кладбище установлены обелиск из красного гранита, а за ним бетонную стену с металлическими досками, на которых списки погибших маратовцев.<br /></p><br />О линейном корабле «Марат» подробнее Вы можете узнать, перейдя <a href=''http://natty89.site-manager.ru/morskoy_flot_kronshtadta/lineynyy_korabl__marat_/''>по ссылке</a>', 9, 96),
(88, 'Обелиск на окраине Кронштадта', '<img src=''./img/8.jpg'' align=''left'' title=''Обелиск на окраине Кронштадта'' alt=''Обелиск на окраине Кронштадта'' /><br /><p><br />В братской могиле лежат более 500 жителей Кронштадта, которые умерли от голода в первую блокадную зиму.<br /></p>', 9, 97),
(89, 'Памятник подводной лодке «С-13»', '<img src=''./img/9.gif'' align=''left'' title=''Памятник подводной лодке «С-13»'' alt=''Памятник подводной лодке «С-13»'' /><br /><p><br />Напротив сквера Мартынова дислоцируется воинская часть подводного плаванья. На территории части 9 мая 1995 года открыта Аллея героев и памятник подводной лодке «С-13» и ее командиру, капитану 3 ранга Маринеско А. И., которая в январе 1945 года потопила лайнер «Вильгельм Гуслав». <br /></p><br /><p>На лайнере базировалось 3700 подводников - элита немецкого флота. А. И. Маринеско был назван личным врагом Гитлера. На открытии комплекса дочери подводника Т. А. Маринеско была вручена Звезда Героя Советского Союза. Архитектор белорусский скульптор В.Приходько.<br /></p><br />О подводной лодке С-13 подробнее Вы можете узнать, перейдя <a href=''http://natty89.site-manager.ru/morskoy_flot_kronshtadta/krasnoznamennaya_podvodnaya_lodka__s_13_/''>по ссылке</a>', 9, 98),
(90, 'Памятник экипажу морского охотника МО-105, и погибшим немецким морякам с немецкой подводной лодки U-250', '<img src=''./img/10.jpg'' align=''left'' title=''Памятник экипажу морского охотника МО-105'' alt=''Памятник экипажу морского охотника МО-105'' /><br /><p><br />На площадке, огороженной столбиками из серого гранита, на которых укреплены цепи, сделана отмостка из серого известняка. На ней установлен красный гранитный валун. В его нише, на лицевой стороне установлена черная металлическая плита с перечислением членов экипажей погибших в Выборгском заливе моряков с советского катера МО-105 и немецкой подводной лодки U-250, потопленной катером 30 июля 1944 года.<br /></p><br /><p>В низу надпись на русском и немецком языках: «Примиренные смертью – взывают к миру».<br /></p>', 9, 99),
(92, 'Памятник рыбке колюшке', '<img src=''./img/12.jpg'' align=''left'' title=''Памятник рыбке колюшке'' alt=''Памятник рыбке колюшке'' /><br /><p><br />В годы блокады эта маленькая колючая рыбка помогала тысячам людей, жившим в Кронштадте, преодолеть страшный голод. Когда запасы еды были на исходе, а всю более крупную рыбу в окрестностях выловили, жители острова Котлин придумали нехитрые блюда из крохотной колюшки.<br /></p>', 9, 101),
(95, 'Лицей№299', '<img src=''./img/7.jpg'' alt=''Лицей№299'' align=''left'' /><br />В лицее № 299 Санкт-Петербурга работает музей боевой славы 3-й Фрунзенской дивизии. Музей 3-й Фрунзенской дивизии народного ополчения был создан в школе № 299 в 1981 году к 40-летию образования Ленинградской армии народного ополчения. Активное участие в его создании принимал совет ветеранов дивизии. Ополченцы приносили в музей свои личные вещи, реликвии, письма, воспоминания, награды. К 65-летию образования РАНО музей был переоборудован и обновлен. Сегодня школьный музей - центр гражданского и патриотического воспитания в лицее № 299 и во Фрунзенском районе.<br />В музее боевой славы ведется большая экскурсионная работа. Экскурсоводы школьного музея - учащиеся 8 – 11 классов, прошедшие специальную подготовку на занятиях школьного кружка. Юные экскурсоводы обязательно знакомятся с материалами архива музея: воспоминаниями, дневниками, читают специальную литературу. Кроме того, они регулярно встречаются с ветеранами, беседуют с ними, записывают воспоминания. В мае и июне актив музея вместе с ветеранами выезжает на места боев дивизии. Экскурсии проводятся не только для лицеистов, но и для учащихся других образовательных учреждений в рамках ежегодных традиционных «неделях открытых дверей» школьных музеев. Музей лицея № 299 принимает делегации из других регионов, в частности, из Карелии.<br />', 17, 104),
(96, 'Мгинская улица', '<img src=''./img/8.jpg'' alt=''Мгинская улица'' align=''left'' /><br />Улица, которая образовалась между Волковским проспектом и улицей Самойловой (Фрунзенский район), в июле 1950 года названа Мгинской. Это название ей дано в память о героических сражениях советских войск в Великую Отечественную войну в районе поселка и железнодорожной станции Мга. Мга лежит на подступах к Синявинским высотам, игравшим ключевую роль в блокаде Ленинграда. Боевые действия здесь продолжались почти непрерывно с сентября 1941-го по январь 1944-го, но самые тяжелые бои происходили дважды: в августе-сентябре 1942 года, при неудачной попытке прорвать блокаду Ленинграда, и в июле-августе 1943-го, когда были сорваны планы гитлеровцев вновь замкнуть кольцо блокады. В результате последней операции немецкие войска потеряли более 40 тысяч человек и вскоре были вынуждены уйти с Синявинских высот и с Киришского плацдарма на правом берегу Волхова. Отличившимся в этих боях 15 соединениям и частям Ленинградского и Волховского фронтов было присвоено наименование Мгинских.', 17, 105);
INSERT INTO placemark VALUES
(97, 'Ново-волковское кладбище', '<img src=''./img/9.jpg'' alt=''Ново-волковское кладбище'' align=''left'' /><br />На Ново-Волковском кладбище похоронены Герои Советского Союза Н.М. Кузьмин, В.Н. Молодчиков, И.П. Неуструев.<br /><br />В.Н.Молодчиков<br />Родился 25 мая 1914 г. в  г. Боровичи ныне Новгородской области  в семье служащего. Окончил курсы техников-механиков.<br />В РККА с 1935 г. окончил Ленинградскую военную авиационную техническую школу в 1938 г. Участник боев в Западной Украине и Белоруссии в 1939-1940 гг. Участник Великой Отечественной войны. Окончил авиационные курсы усовершенствования командного состава в 1942 г. В действующей армии с ноября 1942 г. Помощник командира 90-го гв. Староконстантиновского шап по воздушно-стрелковой службе 4-й гв. Киевской шад 5-го шак 5-й воздушной армии 2-го Украинского фронта гв. капитан Молодчиков произвел 140 боевых вылетов на штурмовку железнодорожных эшелонов, скоплений вражеских войск. В воздушных боях сбил много самолетов противника. Обучил 30 воздушных стрелков, которые много раз отражали атаки истребителей. 5 августа 1943 г. во время штурмовки колонны машин, танков и повозок на шоссе Белгород Харьков В. Н. Молодчиков спас свой подбитый самолет.<br />Звание Героя Советского Союза присвоено 23 февраля 1945 г.<br />С 1946 г. майор Молодчиков в запасе. Жил и работал в г. Боровичи.<br />Умер 28 мая 1961 г. <br /><br />Неустроев И.П.<br />Родился 15 августа 1915 года в селе Скворечное, ныне Каменского района Пензенской области, в семье крестьянина. Окончив 7 классов неполной средней школы, работал на Харьковском авиационном заводе. В 1934 году был призван в ряды Красной Армии. В 1937 году окончил Харьковскую военную авиационную школу лётчиков. Участник Советско-Финской войны 1939 - 1940 годов.<br />В боях Великой Отечественной войны - с первых дней. Сражался на Ленинградском и 1-м Белорусском фронтах в составе 195-го истребительного авиационного полка, затем - 11-го Гвардейского.<br />Уже за первые три с половиной месяца войны эскадрилья Неустроева уничтожила 46 немецких самолётов. Девять из них сбил сам командир. Его повысили в должности - назначили инспектором авиационного корпуса. Теперь он должен был следить за точным выполнением правил техники пилотирования. Нередко Неустроев проверял и учил лётчиков в бою. Однажды инспектор показал, как быть, если враг атакует сзади. Он дал поймать себя в прицел и тут же, резко развернувшись, сам сбил врага первой же очередью. Много поучительного было и в других боях Неустроева - лётчика, сочетавшего беспредельную храбрость и твёрдый расчёт.<br />К августу 1943 года командир 11-го Гвардейского истребительного авиаполка (2-й Гвардейский истребительный авиакорпус ПВО, Войска ПВО территории страны) гвардии майор И. П. Неустроев совершил 128 боевых вылетов, участвовал в 55 воздушных боях, в которых сбил лично 11 самолётов противника и 6 в составе группы, а также уничтожил на аэродромах - 20 самолётов, 15 зенитных орудий и много живой силы неприятеля.<br />28 сентября 1943 года за мужество и отвагу, проявленные в боях с врагами, ему было присвоено звание Героя Советского Союза.<br />К концу войны Иван Неустроев довел число своих побед до 23, сбив лично 17 и в группе -  6 самолётов противника.<br />После окончания войны Иван Павлович продолжал службу в ВВС на различных командных должностях. В 1946 году окончил Высшие офицерские летно-тактические курсы.<br />С 1949 года гвардии полковник И. П. Неустроев - в запасе. Жил и работал в Ленинграде.<br />Награждён орденами Ленина, Красного Знамени (трижды), Кутузова 3-й степени, Отечественной войны 1-й степени, Красной Звезды ( трижды ), медалями.<br />Умер 10 февраля 1965 года.<br />', 17, 106),
(98, 'Памятник Жукову', '<img src=''./img/10.jpg'' alt=''Памятник Жукову'' align=''left'' /><br />Между домами 16 и 30, на месте находившегося в 1980-е годы стенда с фотографиями передовиков коммунистического труда Фрунзенского района, 9 мая 1995 года открыт памятник полководцу Георгию Константиновичу Жукову. Скульптор В. Винниченко, Архитектор А. Васильев. Надписи на постаменте с лицевой стороны врезными тонированными знаками ''Маршалу Жукову'', с тыльной стороны ''От жителей Фрунзенского района''. В 80-е годы на этом месте находился стенд с фотографиями передовиков коммунистического труда Фрунзенского района', 17, 107),
(99, 'Стелла 3-й Фрунзенской дивизии народного ополчения', '<img src=''./img/11.jpg'' alt=''Стелла 3-й Фрунзенской дивизии народного ополчения'' align=''left'' /><br />Открыт 3 мая 1990 г.  Скульптор А. Архипов, архитектор А. Чернов. Материал — бронза, гранит. Высота памятного знака - 500см.Надпись на памятнике: ''Дивизия сражалась с фашистскими войсками в битве за Ленинград на Лужском рубеже, на Олонецком и Свирском направлениях. В боях за Родину погибло более восьми тысяч ополченцев''.<br />3-я дивизия народного ополчения. Дивизия сформирована на основании решения от 04.07.1941 года в основном из рабочих и служащих Фрунзенского и частично Выборгского районов Ленинграда. Сначала дивизия была выдвинута в район Кингисеппа, а затем 04.09.1941 года была переброшена на финскую границу на Олонецкое направление. По-видимому, тогда же или непосредственно вслед за отправкой дивизии было дано название Олонецкая дивизия.  После 07.09.1941 года дивизия начала боевые действия. Противник оттеснил её к северу от дороги Ильинской завод — Олонец. Дивизия пыталась пробиться к Олонцу от деревни Нурмолицы и соединиться с другими частями, однако противник преградил ей путь на юг и навязал бой, который длился в течение двух дней. Дивизия направилась на восток в район станции Таржеполь Кировской железной дороги, а затем на север, к Петрозаводску. 16.09.1941 дивизия вышла на железную дорогу между станциями Таржеполь и Ладва, потеряв много личного состава, однако сохранив часть артиллерии и обозы, пройдя за 11 суток около 150 километров по лесным тропам и питаясь подножным кормом. 16.09.1941 получила приказ наступать на станцию Токари: противник, форсировав Свирь, овладел станцией Яндеба и угрожал флангам советских войск, занявших оборону в районе Лодейного Поля и вела там бои до конца сентября 1941 года. В начале октября 1941 года остатки личного состава были влиты в 67-ю стрелковую дивизию.<br />', 17, 108),
(100, 'Школа№230', 'Музей был открыт в 1992 г.<br />В марте 1995 г. – присвоено звание «Школьный Музей Санкт-Петербурга».<br />В марте 1997 г. – переаттестован; 20 октября 2003 г. по приказу Комитета по образованию Санкт-Петербурга выдан сертификат о соответствии статусу «Школьный Музей» музейной экспозиции, работающей в школе №230 Фрунзенского района с 1992 г. по теме «Музей Защитников Ленинградского неба».<br />Экспозиция музея создана усилиями коллектива школы и Совета ветеранов войны 1804-го отдельного зенитного артиллерийского полка малого калибра.<br />Экспозиция музея отражает в альбомах, стендах, фотографиях, турникете, макетах и документах блокадные будни Ленинграда, систему противопожарной обороны Ленинграда и боевую деятельность 1804-го отдельного зенитного артиллерийского полка малого калибра (ОЗЕНАП МК).<br />В годы Великой Отечественной войны 1804-й отдельный зенитный артиллерийский полк МК выполнял задачу по обороне важнейших объектов Ленинграда от ударов фашистской авиации с малых высот и пикирования.<br />Деятельность школьного музея осуществляется в соответствии с Положением о школьном музее, утвержденным Приказом комитета по образованию (февраль 1997 г.)<br /><br /><br />', 17, 109),
(101, 'Школа№303', 'История создания музея<br />1980-е годы по инициативе ветеранов дорожно-рабочих частей Дороги Жизни и поискового отряда «Ладога» в школе был создан зал Боевой Славы. В течение 10-ти лет пионерская организация <br />школы 303 боролась за присвоение имени героев Дороги Жизни. <br /> <br />В сентябре 1985 года залу Боевой славы школы №303 было присвоено звание <br />« школьный музей». <br />Экспозиция музея создавалась с помощью ветеранов, учителей и учащихся школы. Первым руководителем школьного музея являлась директор школы Маркова Варвара Сергеевна. В настоящее время руководителем школьного музея является Ковальчук Наталия Юрьевна.<br /><br />Один из самых ценных экспонатов нашего музея - хлебная карточка. Желтый клочок бумаги, потерять его во время блокады - потерять жизнь. Это по нему выдавали блокадные 125 грамм черного хлеба с ''огнём и кровью пополам''.<br />  Ребята нашли портреты организаторов и руководителей ''Дороги жизни'', узнали их биографии. <br />Машины проваливались под лед, поэтому водители ехали с открытыми дверями, чтобы выпрыгнуть в случае беды. Прямо на льду ставили палатки, грелись у костра, сушили одежду. <br />  Больше двух лет днем и ночью шли машины, спасая Ленинград от голодной смерти. Девушки - регулировщицы стояли с лампами, освещая дорогу. <br />Трофеи, собранные поисковыми отрядами во время походов по местам боев за освобождение Ленинграда.<br />', 17, 110),
(102, 'Школа№311', 'Экспозиция зала Боевой Славы рассказывает о героях Дороги Жизни, которая в годы блокады во время Великой Отечественной войны была единственным спасением для жителей Ленинграда<br />    В фондах зала Боевой Славы находятся подлинные документы и вещи военных лет. Среди них личные вещи, документы бойцов и фронтовые письма, сохранившиеся со времен Великой Отечественной войны, а так же дневник                 ленинградского школьника блокадной поры.<br /><br />   Ценными экспонатами зала, считаются так же газеты военного времени выпущенные в осажденном Ленинграде и на оккупированной врагом территории Ленинградской области, партизанские листовки, штабной телефон. <br />   Ребята из актива зала Боевой Славы часто являются инициаторами и активными участниками различных школьных патриотических конкурсов и акций.<br />   Мы до сих пор сохранили теплые отношения с участниками Великой Отечественной Войны, которые работали на Дороге Жизни, и они всегда желанные гости в нашей школе.<br />', 17, 111),
(103, 'школа№367', '367 школа Фрунзенского района была открыта в 1939 году на Тамбовской улице д. 17. Со дня открытия и до ухода на пенсию в 1973 году возглавлял ее Каменецкий Я.М. <br />Школа проработала все 900 дней блокады: ее учителя и ученики, работая в страшных условиях голода, холода и бомбежек вписали героические страницы в историю страны. В 1941 учебном году школа выпускала 16 десятиклассников. <br />В 1979 году открылась школа-новостройка на Дунайском проспекте, которая унаследовала и номер, и традиции легендарной 367.<br />', 17, 112),
(104, 'Дворец Марли', '<img src=''./img/1.jpg'' align=''left'' title=''Дворец Марли'' alt=''Дворец Марли'' /><br /><p><br />В преддверии празднования 65-летия Победы в государственном музее ''Петергоф'' прошла торжественная церемония передачи военных трофеев. Они вернулись в Россию из Германии.<br /></p><br /><p><br />Речь идет о решетках дворца Марли с двуглавыми позолоченными орлами и вензелем императора Петра I. Во время оккупации от дворца Марли остались одни стены, а реставраторам пришлось проделать огромную работу, восстанавливая все по сохранившимся документам. Немцы перед отходом успели его взорвать. Это было любимое место уединения Петра I. Построенное подальше от шумных парадных дворцов, оно было весьма скромным. Позолоченные орлы на кованых решетках балконов, пожалуй, единственные его украшения, но это были настоящие шедевры литейного и кузнечного мастерства! И ни одно из этих деталей после войны не сохранилось.<br /></p>', 14, 113),
(105, 'Нижний парк', '<img src=''./img/2.jpg'' align=''left'' title=''Нижний парк'' alt=''Нижний парк'' /><br /><p><br />Освобождение Петергофа началось со стороны Финского залива, с высадки морского десанта. А прямо на территории музея им ожесточенно сопротивлялись немецкие войска. Во дворцах и парках они устроили долговременные огневые точки. Бои были настолько страшные, что после освобождения в Петергофе не осталось ни одного неповрежденного здания.<br /></p><br /><p><br />В сентябре 1941-го немцы замкнули кольцо блокады вокруг Ленинграда, захватив Стрельну, Петергоф и блокировав остатки отходящей из Прибалтики восьмой армии на Ораниенбаумском плацдарме. Балтийский флот оказался запертым в Кронштадте. Для освобождения Финского залива было решено высадить морской десант. Приказ командующий Балтийским флотом вице-адмирал Владимир Трибуц подписал 2 октября. А уже в ночь с 4 на 5 октября катера с десантниками подошли к петергофской пристани.<br /></p><br /><p><br />Задача перед балтийцами стояла архисложная - отбить Петергоф, соединившись с остатками измотанной боями восьмой армии. Морской десант состоял из бойцов учебного отряда и насчитывал не больше тысячи человек (по некоторым данным, их было вcего 510. - Прим. авт.). Особая сложность задания состояла в том, что поддержку береговой и корабельной артиллерии отменили приказом маршала Жукова. Делалось это для обеспечения внезапности высадки.<br /></p>', 14, 114),
(106, 'Большой дворец', '<img src=''./img/5.jpg'' align=''left'' title=''Нижний парк'' alt=''Нижний парк'' /><br /><p><br />Захваченный гитлеровцами Петергоф был почти полностью разрушен. <br /></p><br /><p><br />Часть памятников отвезли на хранение в запасники Исаакиевского собора, но десятки тысяч художественных ценностей оккупанты разграбили или сожгли. Фашисты вывезли бронзовые статуи Самсона, Волхва, Невы, тритонов, свинцовые барельефы Большого каскада. Не работал ни один фонтан, полностью вышла из строя водоводная система. Больше трети парковых деревьев - почти десять тысяч - вырубили. Изрытый рвами и траншеями сад был обнесен колючей проволокой, за сложенными из бревен противотанковыми завалами угрюмо чернели развалины когда-то великолепных дворцов. И всюду окопы, блиндажи, воронки, мины… <br /></p>', 14, 115),
(107, 'Нижний парк', '<img src=''./img/3.jpg'' align=''left'' title=''Нижний парк'' alt=''Нижний парк'' /><br /><p><br />Нижний парк открылся для прогулок 17 июня 1945 года, спустя год с небольшим заработали первые фонтаны. А 14 сентября 1947 года на свое место перед Большим каскадом вернулся «Самсон, раздирающий пасть льва».<br /></p><br /><p><br />«От Волкова кладбища, где находился завод («Монументскульптура». - Прим. авт.), через Лиговку к Московскому вокзалу, через Невский до улицы Герцена свершил «Самсон» свой круг почета, - писала Марина Тихомирова. - К нему сбегались со всех сторон, ему аплодировали, его провожали. Группы военных останавливались, отдавая ему приветствие, и невозмутимые ленинградские милиционеры, решив, что все происходит как надо, открывали ему «зеленую улицу», останавливая на перекрестках весь городской транспорт».<br /></p>', 14, 116),
(108, 'Верхний сад', '<img src=''./img/4.jpg'' align=''left'' title=''Фонтан «Самсон»'' alt=''Фонтан «Самсон»'' /><br /><p><br />Захваченный гитлеровцами Петергоф был почти полностью разрушен. <br /></p><br /><p><br />Часть памятников отвезли на хранение в запасники Исаакиевского собора, но десятки тысяч художественных ценностей оккупанты разграбили или сожгли. Фашисты вывезли бронзовые статуи Самсона, Волхва, Невы, тритонов, свинцовые барельефы Большого каскада. Не работал ни один фонтан, полностью вышла из строя водопроводная система. Больше трети парковых деревьев - почти десять тысяч - вырубили. Изрытый рвами и траншеями сад был обнесен колючей проволокой, за сложенными из бревен противотанковыми завалами угрюмо чернели развалины когда-то великолепных дворцов. И всюду окопы, блиндажи, воронки, мины…<br /></p>', 14, 117),
(111, 'Парк Городов-Героев', '<img src=''./img/8.jpg'' alt=''Парк Городов-Героев'' align=''left'' /><br />К югу от площади Победы на территории между лентами дорог на Москву и на Киев в 1980-х гг. началось формирование парка Городов-Героев, проект его создан известным архитектором-паркостроителем А. Г. Леляковым и архитектором Е. Ф. Шаповаловой. В центральной  части - пруд с островами, где сооружены поминальные церкви Св. Сергия Радонежского и Св. Георгия Победоносца. В северной части сохранены мемориальные  доты времен Великой  Отечественной  войны 1941-45.  Церковь св. Георгия Победоносца (архитекторы С. В. Любимов, П. Л. Зыков, архитектурная мастерская Е.Ф. Шаповаловой) возведена в честь подвига российских воинов в Великой Отечественной войне. В основании здания заложены капсулы с землей из городов-героев и мест, где проходили главные сражения Великой Отечественной войны. Здание расположено на насыпном полутораметровом возвышении. В решении фасадов учтен характер петербургской архитектуры, в нем сочетаются элементы традиционного церковного старорусского зодчества (планово-объемная композиция) и архитектура петербургского периода (шпиль, крыльцо-портик, рустованная облицовка). Небольшой купол венчает шатровый шпиль высотой 36 м. Наружные стены храма украшают мозаичные панно с изображением святых воинов. Внутреннее убранство храма - плод работы современных мастеров: художников, резчиков, вышивальщиц. Освящен храм 6 мая 1995 года. Иконостас храма вырезан из пяти сортов дерева резчиком В.А. Мироником, 29 образов для него написал художник Сергей Хайгора.  Храм стал первой каменной церковью, выстроенной в городе после 1917 года.', 11, 120),
(112, 'Парк Победы', '<img src=''./img/9.jpg'' alt=''Парк Победы'' align=''left'' /><br />Московский Парк Победы располагается между проспектами Московским и Юрия Гагарина, улицами Кузнецовской и Бассейной. Общая площадь парка - 68 га. <br />До Великой Отечественной войны эта территория, называемая прежде Сызранским полем, была занята карьерами кирпичного завода. Кроме самого завода здесь перед началом блокады были вырыты противотанковые рвы, установлены доты. Во время блокады Ленинграда кирпичный завод работал как крематорий. В его печах сжигали трупы погибших воинов и горожан - всего около ста десяти тысяч. Когда и он не справлялся с огромным количеством погибших, многих хоронили прямо здесь, на территории завода. Их захоронения ничем не отмечены, но Парк Победы всё равно называют ''второй Пискарёвкой''. <br />Закладка Парка Победы состоялась 7 октября 1945 года, в этом участвовали одновременно тысячи ленинградцев. Планировку разрабатывали Е. И. Катонин и В. Д. Кирхоглани. В течение месяца было посажено около 17 тысяч деревьев. Рвы и воронки превратили в пруды и каналы. Первая часть парка открылась 7 июля 1946 года, она составляла 1/7 часть от современной территории. Полностью работы завершили в 1957 году, когда были установлены пропилеи. На внутренней стороне пропилей установили 6 бронзовых композиций, посвящённых подвигам советских воинов и труженикам тыла. <br />Со стороны Московского проспекта от пропилей-колоннад идёт аллея Героев. В её начале был сооружён самый большой на тот момент в городе фонтан, высота его струй достигает 11 метров. По сторонам аллеи установлены бронзовые бюсты ленинградцев, отмеченных званиями Героев Советского Союза и Героев Социалистического Труда. Перспектива аллеи направлена на здание Спортивно-концертного комплекса ''Петербургский''. На территории пейзажной части Парка Победы установлены памятники Зое Космодемьянской и Александру Матросову. <br />Памятный знак «Вагонетка» .21 июля 1999 г. со дна пруда была поднята вагонетка кирпично-пемзового завода № 1. 8 августа 2001 года она была установлена возле пруда. В период использования завода в качестве крематория на вагонетках тела умерших отправляли в туннельные печи завода, а нынешние пруды, бывшие тогда заводскими песчаными карьерами, использовались для захоронения праха.<br />Памятник ''Ротонда''. Установлен 27 января 1995 года. Памятная надпись гласит: «В память тысяч погибших, жертв блокады и защитников города, сожжённых в печах стоявшего здесь кирпичного завода».<br />Православный поминальный крест и памятная доска. Установлены 22 июня 1996 года по инициативе Санкт-Петербургского Общественного Фонда защиты Московского Парка Победы. Памятная надпись на доске гласит: «Здесь были печи завода-крематория; прах сотен тысяч воинов и жителей блокадного Ленинграда покоится в прудах, газонах, под Вашими ногами; Вечная им память!»<br />В 1995 году, в юбилей победы в Великой Отечественной Войне в Парке Победы был установлен памятник Георгию Константиновичу Жукову. <br />Бюсты  дважды  Героев Советского Союза:<br />Богданов  С.И. Открыт 11 января 1953 года	<br />Семен Ильич Богданов (1894—1960) прошел путь в рядах Советской Армии от солдата до маршала бронетанковых войск. Танки под его командованием громили фашистов под Курском и Корсунь-Шевченковским, Варшавой и Щецином. Боевые дела танкистов-гвардейцев победоносно завершились в Берлине. Бюст выполнен скульптором Л. Е. Кербелем      <br />Голубев В.М. Открыт 15 мая 1948 года.<br /> Виктор Максимович Голубев (1915—1945) — летчик штурмовой авиации. Боевые самолеты, ведомые отважным командиром-гвардейцем, наносили стремительные и дерзкие удары по врагу на Волге, под Курском и Севском. Бюст работы скульптора Д. П. Шварца     <br />Осипов  В.Н. Открыт 15 мая 1948 года.<br /> Василий Николаевич Осипов — летчик бомбардировочной авиации дальнего действия. Воевал на многих фронтах Великой Отечественной войны. Десятки важнейших объектов, большое количество техники и личного состава противника было уничтожено им в боях за Советскую Родину. Бюст выполнен скульптором С. Д. Шапошниковым<br />Раков  В.И. Открыт 13 мая 1950 года.<br />Василий Иванович Раков — летчик ', 11, 121),
(113, 'Площадь Победы', '<img src=''./img/10.jpg'' alt=''Площадь Победы'' align=''left'' /><br />Площадь Победы, ''Южные ворота города'', а раньше здесь была вторая или ''средняя рогатка'' города, где стоял столб с изображением трех дорог на Петербург, на Царское Село и Москву, на Петергоф и Варшаву. В 1714 году на средней рогатке был построен одноэтажный деревянный путевой дворец, перестроенный затем в камне по проекту Растрелли, в нем в конце XVIII века открыли почтовую станцию. При реконструкции площади Победы дворец был снесен. Сейчас площадь оформлена парадно в соответствии со своим названием и назначением. 9 мая 1975 года в день тридцатой годовщины Победы советского народа над фашистской Германией на площади Победы был открыт монумент героическим защитникам Ленинграда. Площадь Победы - достойное завершение Московского проспекта и по истине торжественный въезд в город-герой. ', 11, 122),
(114, 'Пулковская Обсерватория', '<img src=''./img/15.jpg'' alt=''Пулковская Обсерватория'' align=''left'' /><br />С самого начала Великой Отечественной войны обсерватория стала целью немецких воздушных рейдов и артиллеристских бомбардировок. Все здания были полностью разрушены, но основную часть оборудования удалось спасти, включая линзу знаменитого 30-дюймового рефрактора, равно как и значительную часть уникальной библиотеки важных работ с пятнадцатого по девятнадцатый век.<br />Во время войны часть сотрудников Пулковской обсерватории ушла на фронт, другие были эвакуированы в Ташкент (где они жили и работали при Ташкентской обсерватории) и Алма-Ату. После окончания войны астрономы вновь приступили к работе во временно выделенном им правом крыле здания ленинградского Арктического института на Фонтанке, 38. Но ещё до окончания войны было принято решение о восстановлении обсерватории на старом месте. В 1946 году место на Пулковском холме было расчищено и там началось возведение основных построек. В мае 1954 обсерватория была вновь открыта. При этом удалось не только восстановить её довоенную функциональность, но также существенно расширить число используемых измерительных инструментов и круг задействованных в работе обсерватории специалистов; было представлено множество новых направлений исследований.<br /><br />', 11, 123),
(115, 'Пулковские Высоты', '<img src=''./img/17.jpg'' alt=''Пулковские Высоты'' align=''left'' /><br />Пулковские высоты, с которых в январе 1944 года был нанесен главный удар войск Ленинградского фронта, завершившийся разгромом фашистов под Ленинградом. Здесь был передний край обороны города. Дальше них враг не прошел.<br />Пу́лковский рубе́ж — мемориал, входящий в Зелёный пояс Славы. Находится на рубеже, где в сентябре 1941 года было остановлено наступление немецко-фашистских войск. Сооружён в 1967 году трудящимися Московского района Ленинграда на южном склоне Пулковских высот, на 20 километре Киевского шоссе. На горизонтальной бетонной стеле длиной 34 м — мозаичное панно, посвящённое боевым и трудовым подвигам ленинградцев, по сторонам на южном склоне Пулковских высот — два танка Т-34, дальше по шоссе — берёзовая аллея и бетонные противотанковые надолбы. Авторы проекта: архитектор Я. Н. Лукин, скульптор Л. Л. Михайлёнок, художник А. П. Ольхович.<br />Осенью 1941 г. на подступах к Пулковским высотам шли ожесточённые бои. В сентябре 1941 г. на Пулковском рубеже сражались 3-я гвардейская и 5-я Ленинградская стрелковые дивизии народного ополчения, остановившие наступление немецко-фашистских войск на Ленинград с юга. Советские войска удерживали этот рубеж в течение всех 900 дней блокады. Штабы 13-й, 85-й, 125-й и 189-й стрелковых дивизий, оборонявших Пулковские высоты, помещались в блиндажах в насыпи железной дороги к северу от Пулковских высот. В память об этом на бетонированных откосах насыпи в районе платформы Аэропорт установлены мемориальные доски. В январе 1944г. Пулковские высоты - исходный рубеж наступления ударной группировки 42-й армии Ленинградского фронта в Красносельско-Ропшинской операции 1944 года. Ныне на местах гремевших боев установлены монументы. В 1979 г. на северном склоне Большого Пулковского холма открыт мемориал Пулковского воинского кладбища (архитектор П. Ф. Козлов, скульптор В. В. Лишев).<br />', 11, 124),
(116, 'ул.Гастелло', '<img src=''./img/19.jpg'' alt=''ул.Гастелло'' align=''left'' /><br />Улица в Московском районе Санкт-Петербурга, от Московского проспекта до проспекта Юрия Гагарина. Улица была так названа 10 июля 1950 года в честь советского военного летчика Николая Францевича Гастелло, Героя Советского Союза. <br />ГАСТЕЛЛО Николай Францевич [23.4.1907, Москва, — 26.6.1941], советский лётчик, Герой Советского Союза (26.7.1941, посмертно), капитан. Член КПСС с 1928. Родился в семье рабочего. По окончании школы военных лётчиков участвовал в боях на р. Халхин-Гол и в советско-финляндской войне 1939—40. В начале Великой Отечественной войны 1941—45 командир эскадрильи 207-го авиаполка 42-й бомбардировочной авиадивизии. 26 июня 1941 во время бомбёжки вражеской танковой колонны па дороге Радошковичи — Молодечно у самолёта Г. был пробит бензобак и возник пожар. Экипаж (лейтенанты А. А. Буденюк, Г. Н. Скоробогатов и старший сержант А. А. Калинин) во главе с Г. не покинул самолёт на парашютах и Г. направил горящую машину на скопление танков, автомашин и бензоцистерн, которые взорвались вместе с самолётом. Награжден орденом Ленина.<br />', 11, 125);
INSERT INTO placemark VALUES
(117, 'ул.Севастьянова', '<img src=''./img/20.jpg'' alt=''ул.Севастьянова'' align=''left'' /><br />27 января 1949 года новая улица в Московском районе, проходящая от улицы Решетникова до Кузнецовской улицы, была названа в честь летчика, Героя Советского Союза Алексея Тихоновича Севастьянова (1917-1942).<br />Севастьянов Алексей Тихонович<br />Герой Советского Союза А.Т. Севастьянов родился 16 февраля 1917 года в деревне Холм ныне Лихославльского района Тверской области<br />На рассвете 22 июня 1941 года Севастьянов был одним из тех, кто в числе самых первых советских солдат вступил в Великую Отечественную войну. Сам он сам говорил, что на фронте ''с первого военного рассвета''. Севастьянов участвовал в первом же воздушном бою в небе над Брестом. В тот день наши пилоты сбили 3 вражеских самолёта. После боёв в Белоруссии Алексей Севастьянов сражался под Москвой, а потом защищал Ленинград. <br /><br />4 ноября 1941 года младший лейтенант Севастьянов на самолёте И-153 патрулировал в небе на подступах к Ленинграду. В то время Ленинград был уже в блокаде. Фронт начинался там, где кончались трамвайные маршруты. Для борьбы с авианалетами немцев штаб фронта решил создать специальный ночной истребительный полк. Майор Романов, назначенный его командиром, получил право отбирать лучших пилотов. Среди папок, которые положили перед ним в штабе авиационного истребительного корпуса противовоздушной обороны, оказалось и личное дело младшего лейтенанта Алексея Севастьянова. Вскоре Севастьянов был зачислен в ночной полк. <br /><br />В тот ноябрьский вечер налёт вражеской авиации на город начался около 22.00. Несмотря на огонь зенитной артиллерии, одному бомбардировщику ''хейнкель-111'' удалось прорваться к Ленинграду. Севастьянов атаковал противника, но промахнулся. Ярко освещённая цель казалась гораздо ближе, чем была на самом деле. Он прибавил газу и снова открыл огонь с близкого расстояния, но опять мимо. Немецкий бомбардировщик отвернул и замигал в ответ частыми вспышками. Это стрелок ''хейнкеля'' открыл ответный огонь. Севастьянов атаковал в третий раз. Подойдя вплотную, он нажал на гашетку, но выстрелов не последовало - кончились патроны. <br /><br />И тогда, чтобы не упустить врага, он решил пойти на таран. Расстояние между истребителем и ''хейнкелем'' быстро сокращалось. Приблизившись сзади к ''хейнкелю'', Севастьянов отрубил ему винтом хвостовое оперение, а потом покинул повреждённый истребитель и приземлился на парашюте. В донесениях, начавших поступать сразу же после воздушного боя над городом, говорилось о том, что обломки немецкого самолёта ''хейнкель-111'' упали в Таврическом саду (хвостовое оперение ''хейнкеля'' долгое время выставлялось в музее истории Ленинграда). Спасшийся на парашюте пилот немецкого бомбардировщика был задержан ленинградцами на улице Маяковского и взят в плен. Упавший истребитель Севастьянова был найден в Басковом переулке и затем восстановлен специалистами 1-й рембазы. Поначалу не было сведений лишь о лётчике, таранившем врага. А он, Алексей Севастьянов, в это время шёл окруженный большим конвоем воинственно настроенных ленинградцев. Пожалуй, если бы не успел крикнуть, что он свой, ему пришлось бы плохо. Ведь вначале его приняли за немецкого парашютиста. Всё окончательно прояснилось, когда Севастьянова привели в помещение, проверили документы, позвонили в штаб. Только после этого ему сказали, что приземлился он на территории Невского машиностроительного завода имени Ленина. <br /><br />Погиб Алексей, совершив другой подвиг. Это было 23 апреля 1942 года. Неподалеку от аэродрома два его товарища на стареньких тихоходных истребителях вели бой с ''мессершмиттами-109''. У Севастьянова, тогда уже командира эскадрильи, машина была получше, новой конструкции. Поняв, что, едва он появится в воздухе, ''мессершмитты'' бросятся на него и оставят в покое ребят, Севастьянов и лётчик Николай Щербина поднялись им на выручку. Расчет оказался верным: ''мессершмитты'' тут же развернулись в его сторону. Истребитель МиГ-3 Севастьянова был для них более опасен. Так, еще не набрав высоты, он должен был принять невыгодный для себя бой. Все же Севастьянов изловчился и пошел в атаку', 11, 126),
(118, 'ул.Типанова', '<img src=''./img/21.jpg'' alt=''ул.Типанова'' align=''left'' /><br />Улица в Московском районе Санкт-Петербурга. Названа в 1955 году в память о Герое Советского Союза  Александре Федоровиче  Типанове  (20 октября 1924—18 января 1944).<br />ТИПАНОВ Александр Федорович. Родился в 1924 г. в селе Устье Сасовского района. На фронте с 1943 г. В январе 1944 года во время наступательной операции войск Ленинградского фронта, комсорг роты гвардии рядовой Типанов совершил героический подвиг, навеки обессмертивший его имя. Наступая из района Пулковских высот, гвардейская часть, в которой Типанов служил пулеметчиком, в упорных боях успешно прорвала оборонительную линию врага. 17 января 1944 года гвардейцы вышли к Лысой горе, расположенной к востоку от Красного Села. Начался бой за высоту. Стрелки залегли перед дотом противника, откуда не умолкая бил крупнокалиберный пулемет. Пулеметчик Типанов вступил в огневой поединок с врагом. Но вот умолк и пулемет Типанова - кончились патроны. Тогда, прижимаясь к земле, девятнадцатилетний герой Александр Типанов пополз в сторону чернеющей амбразуры. Спасая жизнь товарищей, он стремительным рывком бросился к доту и закрыл амбразуру своим телом. <br />Указом Президиума Верховного Совета СССР от 13 февраля 1944 года Александру Федоровичу Типанову посмертно присвоено звание Героя Советского Союза. Гвардии рядовой Типанов был навечно зачислен в списки воинской части. <br /><br />', 11, 127),
(119, 'Чесменское кладбище', '<img src=''./img/23.jpg'' alt=''Чесменское кладбище'' align=''left'' /><br />Кладбище располагается между улицами Ленсовета, Гастелло, Авиационной и проспектом Ю.Гагарина. <br />Возникло в 1836 году рядом с Чесменской церковью. Вначале на нём хоронили ветеранов русской армии, которые жили в инвалидном доме, находившемся в Чесменском дворце. Здесь были захоронены герои Кутузовских и Суворовских походов. К середине XX века все старые захоронения были полностью уничтожены, часовня, построенная здесь, также не сохранилась. В годы войны на Чесменском кладбище хоронили советских воинов — защитников Ленинграда — бойцов 42-й армии 13-й, 63-й, 64-й, 109-й, 110-й, 291-й стрелковых дивизий, отдавших свои жизни при обороне подступов к Ленинграду.<br />В центре кладбища установлен гранитный обелиск с надписью: «Доблестным советским воинам, павшим в боях за свободу и независимость нашей Родины. 1941—1943». На кладбище похоронены:<br />Однополчане 14-й бригады АТО Допротворский Н.П., Тихонов С.Н. и еще 18 бойцов; гвардии старшина Антипов П.И. (1905—1944), лейтенант Тамаров С.М. (1921 г. — 20.05.1942); минер Корнеева В. (пог. 04.10.1943), Каплун М.И. (1925—1944), солдат Панарин К.П. (пог. 1943 г.), подполковники Тузов А.Г. (1903—1944) и Абрамов В.Ф. (1910—22.07.1943); Швецова Н.А. (1924—1944); погибшие 22 января 1944 года гвардии старший лейтенант Карпов В.А. (род. 1923 г.), гвардии подполковник Русаков Н.Ф. (род 1911 г.), капитаны Герман И.Л. (род. 1918 г.) и Дьяконенко (род. 1914 г.), старший лейтенант Колесников И.В. (род. 1910 г.); Яковлева В.В. (1922—1943); сандружинница Козлова М.Т. (1920—12.1941); гвардии майор Кранзельбург А.Э. (1908—30.01.1943); майоры Рубцов М.А. (1914—1942), Соколов М.В. (1914—1942) и Дулькин С.М. (22.03.1913—15.02.1943); батальонный комиссар Кмошин М.В. (1902—1942); гвардии капитан Попов П.И. (1914—10.02.1943); капитан Овчинников Н.М. (1918—12.02.1943).<br />На Чесменском кладбище похоронен командир эскадрильи 26-го гвардейского истребительного авиаполка Алексей Тихонович Севастьянов (1917—1942) — летчик-истребитель, совершивший первый ночной таран вражеского бомбардировщика над Ленинградом, за что ему 6 июня 1942 года было присвоено звание Героя Советского Союза.   4 ноября 1941 года младший лейтенант Севастьянов на самолете «И-153» патрулировал на подступах к Ленинграду. Около 22.00 начался налет вражеской авиации на город. Несмотря на огонь зенитной артиллерии, одному бомбардировщику удалось прорваться к Ленинграду. Трижды Севастьянов атаковал противника, но сбить противника не смог, после чего решил пойти на таран. Приблизившись к «Хейнкелю», он отрубил ему винтом хвостовое оперение. Потом покинул поврежденный истребитель и приземлился на парашюте. Бомбардировщик упал в районе Таврического сада (его хвостовое оперение долгое время хранилось в музее истории Ленинграда). Члены фашистского экипажа были взяты в плен. Упавший истребитель Севастьянова был найден в Басковом переулке и восстановлен специалистами. Севастьянов погиб около станции Рахья Всеволожского района Ленинградской области 23 апреля 1942 года во время выполнения задания по защите «Дороги жизни» через Ладожское озеро. В честь старшего лейтенанта Севастьянова названа улица в Санкт-Петербурге.<br />Здесь похоронен снайпер 14-й отдельной мотострелковой разведывательной роты 13-й стрелковой дивизии 42-й армии Ленинградского фронта, красноармеец Смолячков Феодосий Артемьевич. Когда началась Великая Отечественная война, Феодосию Смолячкову не исполнилось еще и 18 лет.  23 июня его не взяли на фронт, сказав, что еще слишком молод. Тогда он пришел в Выборгский райком комсомола, и его добровольцем зачислили в противотанковую роту 13-й дивизии. Сначала его назначили кашеваром, потом Феодосий добился перевода в разведывательный батальон. Но все это время он мечтал стать снайпером (еще до войны он окончил снайперскую школу). Однажды, когда командир вызвал бойца, чтобы объявить ему благодарность, Смолячков попросил дать ему снайперскую винтовку и разрешить воевать на переднем крае.  За 3 месяца — с 19 октября 1941 года по 15 января 1942 год', 11, 128),
(120, 'школа№356', '8 сентября 1941 года сомкнулось блокадное кольцо, город был отрезан от страны. Ленинградцы делали все возможное, чтобы сохранить культурные ценности. А как быть с детьми? Детей надо было учить.<br />И с 3 октября 1941 года начался учебный год. В дни блокады в Ленинграде работало 39 школ, в том числе и 356. <br />Из воспоминаний и писем учителей школы № 356: «В дни обстрела города до школы приходилось добираться окольными путями,- пишет своим знакомым Наталья Николаевна Попова, заслуженный учитель РСФСР. Естественно, пешком. В школе каждый день спускали детей в бомбоубежище. Горько шутили «Дети подземелья»<br />«В бомбоубежище стояли столы, стулья, висели доски,- вспоминает Хильда Августовна Кинг, учитель истории школы № 356,- на столах, за неимением тетрадей, лежали старые газеты: приходилось писать между строк. Ручки заменили на карандаши, чернила замерзали»<br />Порой смерть поджидала детей у порога школы''. «До сих пор не прошла острота переживаний - читаем мы строки из письма Натальи Николаевны Поповой.- 27 октября. Обстрел. У меня на руках погибают две маленькие ученицы, образы которых до сих пор стоят у меня перед глазами…»<br />«Но страшней бомбежки был голод. Однажды Серафима Ивановна заметила, что на занятия не пришел всегда организованный и дисциплинированный Лева. Послали к нему домой детей, и они вернулись со страшной вестью: «Лева лежит на одной кровати, отец - на другой, оба мертвы»<br />«В кабинете Серафимы Ивановны умер ее муж, ушел из жизни учитель химии, умерла завуч Зоя Михайловна, все от голода. И тогда педагоги решили жить коммуной. И выстояли''- вспоминает Хильда Августовна Кинг. <br />В июне 1942 года из 351 ученика, обучавшихся в школе, 338 были переведены в следующий класс, а 12 человек закончили школу, причем трое на ''отлично''!<br />«Уже в дни достатка и покоя, ежедневно начиная свои уроки, директор школы Серафима Ивановна Куликевич спрашивала: «Дети, вы кушали сегодня?» И учащиеся не смеялись, они ее понимали».<br />29 января 1944 года. «Вот и вырвался из осады наш город! - вспоминает Наталья Николаевна Попова. - Не можем свыкнуться с мыслью, что не будет больше обстрелов, не будет занятий в бомбоубежище. У нас в школе № 356 был чудный митинг, посвященный снятию блокады Ленинграда»<br />«Мне довелось присутствовать в апреле 1944 года на одном из уроков, проходившем в 356 школе,- вспоминает специальный корреспондент «Известий» Татьяна Тэсс. Я видела в классе розовощеких, веселых девочек с косичками. Они сидели в теплом, чистом классе, хорошо отвечали уроки и были одеты в новенькие платья. А у большей части учениц на груди блестели медали «За оборону Ленинграда». <br /><br />', 11, 129),
(121, 'ДОТ', '<img src=''./img/1.jpg'' alt=''ДОТ'' align=''left'' /><br />ДОТ в Альпийском переулке - засыпан землей по самую крышу.', 17, 130),
(122, 'ДОТ', '<img src=''./img/2.jpg'' alt=''ДОТ'' align=''left'' /><br />Белградская ул., Артиллерийский ДОТ к югу от жд. ст. Пр. Славы', 17, 131),
(123, 'ДОТ во дворах проспекта Славы', '<img src=''./img/4.jpg'' alt=''ДОТ'' align=''left'' /><br />ДОТ в районе Проспекта Славы, пересечение с Будапештской ул., д. 41.', 17, 132),
(124, 'ДОТ', '<img src=''./img/5.jpg'' alt=''ДОТ'' align=''left'' /><br />Белградская ул., артиллерийский ДОТ южнее жд. ст. Проспект Славы', 17, 133),
(125, 'ДОТ', '<img src=''./img/6.jpg'' alt=''ДОТ'' align=''left'' /><br />Двухамбразурный пулеметный ДОТ на территории кладбища ''Жертв 9-го января''.', 17, 134),
(126, 'ДОТ', '<img src=''./img/12.jpg'' alt=''ДОТ'' align=''left'' /><br />Пулеметный ДОТ на Пражской улице<br /><br />', 17, 135),
(127, 'ДОТ', '<img src=''./img/13.jpg'' alt=''ДОТ'' align=''left'' /><br />ДОТ  на пересечении Софийской улицы и Дунайского проспекта.', 17, 136),
(128, 'Варшавская ДОТ', '<img src=''./img/1.jpg'' alt=''ДОТ'' align=''left'' /><br />Улица некогда являлась трассой Варшавской железной дороги.', 11, 137),
(129, 'ДОТ', '<img src=''./img/3.jpg'' alt=''ДОТ'' align=''left'' /><br />Долговременная огневая точка у кинотеатра ''Планета''. ДОТ завален землей по самую крышу, артиллерийский он, или пулеметный - остается только догадываться. ', 11, 138),
(130, 'ДОТ', '<img src=''./img/4.jpg'' alt=''ДОТ'' align=''left'' /><br />Железобетонная огневая точка на углу ул.Ленсовета и Типанова.', 11, 139),
(131, 'московский пр., 145', '<img src=''./img/5.jpg'' alt=''московский пр., 145'' align=''left'' /><br />В доме номер 145 в годы войны располагался штаб 42-й Армии. Сорок вторая армия, сформирована в августе 1941 на Ленинградском фронте. На 9 сентября включала 2-ю и 3-ю гвардейские дивизии народного ополчения, 6-ю бригаду морской пехоты, 500-й стрелковый полк, Красногвардейский УР, ряд артиллерийских и других отдельных частей. Во взаимодействии с войсками 8-й и 55-й армий вела бои с соединениями немецко-фашистской группы армий «Север» на ближних подступах к Ленинграду. В результате упорного сопротивления и массового героизма её воинов, при активной огневой поддержке кораблей Балтийского флота и артиллерии береговой обороны врагу был нанесён большой урон, и 18 сентября он был остановлен на рубеже Лигово, Камень, южная окраина Пулково. До января 1944 этот рубеж прочно оборонялся войсками армии. В Красносельско-Ропшинской операции 1944 армия наступала из района Пулковских высот на Красное Село, Ропшу. Прорвав оборону противника, её соединения во взаимодействии с войсками 2-й Ударной армии окружили, а затем ликвидировали группировку немецко-фашистских войск в районе северной Ропши и Красного Села. В последующем, развивая наступление при активной поддержке партизан на Гдов, Псков, к концу февраля вышли с севера к внешнему обводу Псковско-Островского УР противника, где встретили упорное сопротивление и 12 марта перешли к обороне. С 25 апреля 1944 армия включена в 3-й Прибалтийский фронт и в его составе в июле принимала участие в Псковско-Островской наступательной операции (17-31 июля 1944). Ряд соединений и частей армии удостоены почётных наименований Гатчинские, Красносельские, Павловские, Пушкинские.  Армией командовали: генерал-майор В. И. Щербаков (до сент. 1941), генерал-лейтенант Ф. С. Иванов (сент. 1941), генерал-майор И. И. Федюнинский (до окт. 1941) , затем генерал-лейтенант И. Ф. Николаев (до дек. 1943), генерал-полковник И. И. Масленников (до марта 1944), генерал-лейтенант В. З. Романовский (март 1944), генерал-лейтенант В. П. Свиридов (до мая 1945).', 11, 140),
(132, 'московский пр,121', '<img src=''./img/6.jpg'' alt=''московский пр,121'' align=''left'' /><br />Театр Сказки (Московский пр., дом 121.), а до войны на этом месте  был Дом Пионеров, в котором формировалась 2-я дивизия Народного ополчения, защищавшая Пулковские высоты. Об этом событии нам рассказывает мемориальная доска. На доске надпись: «В этом здании с 30 июня по 13 июля 1941 года формировалась 2-я дивизия Народного ополчения, участвовавшая в обороне Ленинграда».<br />Формирование 2-й дивизии народного ополчения.<br />22 июня 1941 года фашистская Германия напала да Советский Союз, началась Великая Отечественная война. Указом Президиума Верховного Совета СССР в <br />г. Ленинграде и области было введено военное положение и объявлено о мобилизации военнообязанных. 24 июня 1941 года Ленинградский горком БЫК(б) и военный совет Северного фронта приняли решение о создании армии народного ополчения г. Ленинграда. Было принято решение о формировании дивизии народного ополчения из добровольцев-трудящихся Московского района.<br />Вторая дивизия народного ополчения (с 23 сентября 1941—85 я стрелковая дивизия), сформирована из добровольцев в начале июля 1941. Её 1-й стрелковый полк был укомплектован рабочими и служащими завода «Электросила», 2-й — фабрик «Скороход», «Пролетарская победа» № 1 и № 2, 3-й — трудящимися Ленинского и Куйбышевского районов, артиллерийский полк — рабочими и служащими мясокомбината имени С. М. Кирова и студентами Института авиаприборостроения. Численность дивизии 9200 человек, в том числе около 2950 коммунистов и комсомольцев. Командир дивизии — полковник Н. С. Угрюмов, комиссар — полковой комиссар П. Т. Тихонов. В середине июля 1941 дивизия заняла позиции на Лужском рубеже обороны юго-восточнее Кингисеппа. В составе Лужской оперативной группы Северного фронта около месяца успешно отражала атаки превосходящих сил противника, рвавшегося к Ленинграду вдоль Нарвского шоссе. В конце августа — начале сентября во взаимодействии с другими соединениями Копорской оперативной группы участвовала в борьбе за Приморский плацдарм, во 2-й половине сентября оборонялась южнее Ораниенбаума. В последующем в составе 42-й армии Ленинградского фронта до конца 1943 вела оборонительные бои на южных подступах к Ленинграду, затем участвовала в Красносельско-Ропшинской операции 1944. В конце боевого пути участвовала в блокаде курляндской группировки противника. За боевые заслуги удостоена почётного наименования Павловская (январь 1944), награждена орденом Красного Знамени (март 1944). <br />', 11, 141),
(133, 'ДОТ', '<img src=''./img/11.jpg'' alt=''ДОТ'' align=''left'' /><br />Артиллерийский ДОТ на Московской площади у Дома Советов.', 11, 142),
(134, 'ДОТ', '<img src=''./img/11_1.jpg'' alt=''ДОТ'' align=''left'' /><br />ДОТ с другой стороны Дома Советов.', 11, 143),
(135, 'Дот', '<img src=''./img/12.jpg'' alt=''ДОТ'' align=''left'' /><br />Артиллерийский ДОТ-памятник у Средней рогатки.', 11, 144),
(136, 'ДОТ', '<img src=''./img/13.jpg'' alt=''ДОТ'' align=''left'' /><br />Пулеметный ДОТ - памятник на проспекте Ю.Гагарина.', 11, 145),
(137, 'ДОТ', '<img src=''./img/14.jpg'' alt=''ДОТ'' align=''left'' /><br />Пулеметный ДОТ на проспекте Космонавтов.', 11, 146),
(138, 'ДОТ', '<img src=''./img/16.jpg'' alt=''ДОТ'' align=''left'' /><br />Пулеметный ДОТ вблизи гостиницы ''Пулковская''.', 11, 147),
(139, 'ДОТ', '<img src=''./img/18.jpg'' alt=''ДОТ'' align=''left'' /><br />В отличие от своих монолитных собратьев, дот имеет сборную бетонную конструкцию, позволяющую предположить, что этот дот строился ранее остальных, возможно в период немецкого наступления на Ленинград.', 11, 148),
(140, 'ДОТ', '<img src=''./img/22.jpg'' alt=''ДОТ'' align=''left'' /><br />Чесменское кладбище, артиллерийский ДОТ у церкви.', 11, 149),
(144, 'Линейный корабль ''Марат'' (''Петропавловск'')', '<img src=''./img/19.jpg'' align=''left'' title=''Линейный корабль ''Марат'' (''Петропавловск'')'' alt=''Линейный корабль ''Марат'' (''Петропавловск'')'' />Вся жизнь и боевая деятельность этого корабля была неразрывно связана с Ленинградом. Здесь он родился, здесь же прошли его ''юность'' и ''зрелые'' годы. Именно при защите этого города прогремела боевая слава линкора.<br />В 4 часа 22 июня 1941 года звонки колоколов громкого боя разбудили экипаж корабля. К Кронштадту со стороны моря приближались неопознанные самолеты. Так началась для ''Марата'' война с германским фашизмом. А уже следующей ночью линкор первым на Балтике открыл боевой счет, сбив два самолета.<br />Утром 23 сентября более семидесяти фашистских бомбардировщиков одновременно атаковали Кронштадт. Главной целью у них был стоявший у причала ''Марат''. Взрывы бомб следовали один за другим. Каскады осколков и щебня то и дело обрушивались на корабль. <br />Но ''Марат'' не погиб. Оставшиеся в живых моряки сумели удержать линкор на плаву. Благодаря их самоотверженному труду ''Марат'' уже 31 октября 1941 года смог опять открыть огонь по врагу.<br />Тяжело раненный, но не сложивший оружия ''Марат'' продолжал защищать Ленинград. Только за последние два месяца 1941 года он провел около ста артиллерийских стрельб главным калибром. Метким огнем было уничтожено до 18 тысяч гитлеровских солдат и офицеров, разбито 18 и подавлено 87 крупнокалиберных артиллерийских батарей, сбито шесть и повреждено восемь вражеских самолетов.<br />Линкор, которому 31 мая 1943 года было восстановлено прежнее наименование ''Петропавловск'', на протяжении всех девятисот дней блокады мужественно оборонял город-герой на Неве.', 9, 154),
(143, 'Краснознаменный линейный корабль ''Октябрьская Революция''', '<img src=''./img/18.jpg'' align=''left'' title=''Краснознаменный линейный корабль ''Октябрьская Революция'''' alt=''Краснознаменный линейный корабль ''Октябрьская Революция'''' /><br />В начале Великой Отечественной войны линкор был перебазирован из Таллина в Кронштадт, а в конце сентября 1941 года - в Ленинград.<br />Корабль принимал активное участие в обороне города. Мощным артиллерийским огнем он уничтожал немецко-фашистские войска в районах их сосредоточения, дальнобойную артиллерию на огневых позициях.<br />В 1944 году линкор поддерживал соединения Ленинградского фронта в ходе Красносельско-Ропшинской и Выборгской наступательных операций. За образцовое выполнение боевых заданий командования в борьбе против немецко-фашистских захватчиков и проявленные при этом экипажем отвагу и мужество 22 июля 1944 года линкор награжден орденом Красного Знамени.<br />   Якоря и зенитные орудия, снятые с линкора, установлены в парке города Кронштадт.<br />', 9, 153),
(145, 'Краснознаменная подводная лодка ''С-13''', '<img src=''./img/20.jpg'' align=''left'' title=''Краснознаменная подводная лодка ''С-13'''' alt=''Краснознаменная подводная лодка ''С-13'''' /> 30 января 1945 года, тремя мощными взрывами, был потоплен один из крупнейших лайнеров флота Германии ''Вильгельм Густлоф'' с гитлеровскими подводниками. Из 6100 пасажиров было выловлено кораблями охранения лишь 904 человека.<br />Столь мастерскую торпедную атаку ''Вильгельма Густлофа'' произвела советская подводная лодка ''С-13'' под командованием капитана 3 ранга А. И. Маринеско.<br />Это была не первая победа советской подводной лодки. Заложенная 19 октября 1938 года, ''С-13'' 25 апреля следующего года была спущена на воду и 31 июля 1941 года вошла в состав Краснознаменного Балтийского флота.<br />Выйдя в свой первый боевой поход 3 августа 1942 года, ''С-13'' под командованием капитан-лейтенанта П. П. Маланченко и политрука А. К. Соловьева 11 сентября в Ботническом заливе уничтожила транспорт. На следующий день лодкой было потоплено еще одно судно противника, а 18 сентября была одержана третья победа. В тот день ''С-13'' артиллерийским огнем уничтожила еще один грузовой пароход.<br />Во второй поход ''С-13'' отправилась под командованием А. И. Маринеско и опять добилась победы, уничтожив артиллерийским огнем неприятельское транспортное судно.<br />И вот, наконец, третий поход. После потопления ''Вильгельма Густлофа'' подводная лодка продолжала ''охоту'' в Данцигской бухте. Выйдя в атаку, ''С-13'' двухторпедным залпом потопила еще один крупнотоннажный транспорт ''Генерал фон Штойбен'' (14 660 тонн).<br />За отличное выполнение заданий командования все члены экипажа подводной лодки были удостоены правительственных наград. 20 апреля 1945 года Указом Президиума Верховного Совета СССР подводная лодка ''С-13'' награждена орденом Красного Знамени.', 9, 155),
(146, 'Памятные доски', 'На стене докового адмиралтейства им. Петра 1 к 55-летию победы были открыты памятные доски в честь героических защитников Ленинграда.', 9, 157),
(147, 'Памятные доски', 'На стене докового адмиралтейства им. Петра 1 к 55-летию победы были открыты памятные доски в честь героических защитников Ленинграда.', 9, 158),
(148, 'Памятник рабочим Арсенала', 'На территории Арсенала установлен памятник скульптора В. А. Ануфриева, посвященный трудовому подвигу рабочих Арсенала в блокадные дни.', 9, 159),
(149, 'Памятник морякам-десантникам', 'На территории учебного отряда КБФ установлен памятник морякам-десантникам, героически сражавшимся в годы войны.', 0, 160),
(150, 'Мемориальная доска А.И. Маринеско', '<img align=''left'' title=''Мемориальная доска А.И. Маринеско'' alt=''Мемориальная доска А.И. Маринеско'' src=''./img/22.jpg''>Александр Иванович Маринеско (2 (15) января 1913, Одесса — 25 ноября 1963, Ленинград) — командир легендарной Краснознамённой подводной лодки С-13 Краснознамённой бригады подводных лодок Краснознамённого Балтийского флота, капитан 3-го ранга. Герой Советского Союза.', 9, 161),
(151, 'Памятник морякам-десантникам', 'На территории учебного отряда КБФ установлен памятник морякам-десантникам, героически сражавшимся в годы войны.', 9, 162),
(155, 'Александровский дворец', '<img src=''./img/1.jpg'' alt=''Александровский дворец'' align=''left''/><br /><p><br />В 1918 году Александровский дворец был открыт для посетителей как государственный музей. Экспозиция включала исторические интерьеры на первом этаже в центральной части здания и жилые апартаменты семьи Романовых в правом флигеле дворца.<br /></p><br /><p><br />Позднее в левом крыле разместился Дом отдыха сотрудников НКВД, а на втором этаже правого флигеля, на месте закрытых комнат детей Николая II — Детский дом имени Юных Коммунаров.<br /></p><br /><p><br />В первые месяцы Великой Отечественной войны из Александровского дворца-музея были эвакуированы люстры, ковры, некоторые предметы мебели, мраморные и фарфоровые изделия XVIII века. Основная часть дворцового имущества была оставлена в залах.<br /></p><br /><p><br />Во время оккупации города Пушкина в Александровском дворце размещался немецкий штаб и гестапо, в подвалах — тюрьма; площадь перед дворцом была превращена в кладбище солдат СС.<br /></p><br /><p><br />По окончании войны дворец был законсервирован и в 1946 году отдан Академии наук СССР для хранения коллекций Института русской литературы и размещения экспозиции Всесоюзного музея А. С. Пушкина. В связи с этим в 1947–1951 годах во дворце начались восстановительные работы, в ходе которых планировалось реставрировать сохранившиеся интерьеры Д. Кваренги и уцелевшие фрагменты убранства, а также воссоздать интерьеры времени императоров Николая I и Николая II. Однако во время работ многие элементы отделки Кленовой и Палисандровой гостиных императрицы Александры Федоровны, а так же Уборной (Мавританской) Николая II были уничтожены. Эти залы дворца восстанавливались по проекту архитектора Л. М. Безверхнего (1908–1963) «согласно архитектурным нормам периода Кваренги и Пушкина».<br /></p>', 16, 166),
(156, 'Екатерининский Дворец', '<img src=''./img/2.jpg'' alt=''Екатерининский Дворец'' align=''left''/><br /><p><br />Бытовавший в течение двух с половиной веков как загородная императорская резиденция, город-ансамбль является выдающимся памятником русской архитектуры и садово-паркового искусства XVIII — начала XX века, с дворцами, знаменитыми коллекциями русского и западноевропейского декоративно-прикладного и изобразительного искусства.<br /></p><br /><p><br />Наряду с этим своей популярностью он обязан поэтам, художникам, писателям, музыкантам, которые жили или работали в этом городе.<br /></p><br /><p><br />Сегодня в состав Государственного музея-заповедника «Царское Село» входят (как и до июня 1941 года) величественные Екатерининский и Александровский дворцы с прилегающими одноименными парками и увеселительными сооружениями-павильонами, гротами, мостами, каскадами, памятниками-обелисками, находящимися в них.<br /></p><br /><p><br />Это сегодняшний день ансамбля. Теперь, сделав снова доступными для петербуржцев любимые ими дворцы и парки, мы хотим перевернуть еще одну страницу их истории — самую трагическую.<br /></p><br /><p><br />До этого у нас не было времени. Нужно было срочно начать восстановление дворцов после разрушений и утрат Великой Отечественной войны 1941-1945 годов.<br /></p>', 16, 167);
INSERT INTO placemark VALUES
(157, 'Софийский собор', '<img src=''./img/3.jpg'' alt=''Софийский собор'' align=''left''/><br /><p><br />6 ноября 1933 года вышло постановление Ленинградского пригородного райсполкома о закрытии собора. Подобное постановление Леноблисполкома было подписано только 10 октября 1934 года.<br /></p><br /><p><br />Здание собора было передано 32-й механизированной пригаде, использовавшей его в качестве склада. Территория площади была превращена в учебный полигон.<br /></p><br /><p><br />После Великой Отечественной войны в здании снова размещался склад, в котором разводился открытый огонь с целью утилизации отходов производства.<br /></p><br /><p><br />Юго-западная часть бывшей Софийской площади с 1960 года была занята гаражно-строительным кооперативом № 4. Оставшаяся часть площади была замусорена, в некоторых местах произошло заболачивание местности.<br /></p>', 16, 168),
(158, 'Софийский собор', '<img src=''./img/3.jpg'' alt=''Софийский собор'' align=''left''/><br /><p><br />6 ноября 1933 года вышло постановление Ленинградского пригородного райсполкома о закрытии собора. Подобное постановление Леноблисполкома было подписано только 10 октября 1934 года.<br /></p><br /><p><br />Здание собора было передано 32-й механизированной пригаде, использовавшей его в качестве склада. Территория площади была превращена в учебный полигон.<br /></p><br /><p><br />После Великой Отечественной войны в здании снова размещался склад, в котором разводился открытый огонь с целью утилизации отходов производства.<br /></p><br /><p><br />Юго-западная часть бывшей Софийской площади с 1960 года была занята гаражно-строительным кооперативом № 4. Оставшаяся часть площади была замусорена, в некоторых местах произошло заболачивание местности.<br /></p>', 16, 169),
(159, 'Софийский собор', '<img src=''./img/3.jpg'' alt=''Софийский собор'' align=''left''/><br /><p><br />6 ноября 1933 года вышло постановление Ленинградского пригородного райсполкома о закрытии собора. Подобное постановление Леноблисполкома было подписано только 10 октября 1934 года.<br /></p><br /><p><br />Здание собора было передано 32-й механизированной пригаде, использовавшей его в качестве склада. Территория площади была превращена в учебный полигон.<br /></p><br /><p><br />После Великой Отечественной войны в здании снова размещался склад, в котором разводился открытый огонь с целью утилизации отходов производства.<br /></p><br /><p><br />Юго-западная часть бывшей Софийской площади с 1960 года была занята гаражно-строительным кооперативом № 4. Оставшаяся часть площади была замусорена, в некоторых местах произошло заболачивание местности.<br /></p>', 16, 170);

-- --------------------------------------------------------

--
-- Структура таблицы 'point'
--

CREATE TABLE `point` (
  id bigint(20) unsigned NOT NULL AUTO_INCREMENT,
  x varchar(32) NOT NULL,
  y varchar(32) NOT NULL,
  PRIMARY KEY (id)
) ENGINE=MyISAM  DEFAULT CHARSET=utf8 AUTO_INCREMENT=171 ;

--
-- Дамп данных таблицы 'point'
--

INSERT INTO `point` (id, x, y) VALUES
(1, '30.336904', '59.970574'),
(2, '30.363946', '59.99827'),
(3, '30.354172', '59.994351'),
(4, '30.340949', '59.980785'),
(15, '30.245703', ' 59.984503'),
(16, '30.313497', '59.938531'),
(30, '30.375136', '59.94802'),
(28, '30.311033', '59.985308'),
(29, '30.336984', '59.940322'),
(26, '30.311033', '59.985308'),
(31, '30.395497', '59.948853'),
(32, '30.314893', '59.939818'),
(33, '30.345085', '59.935957'),
(34, '30.324999', '59.934372'),
(35, '30.342122', '59.9348'),
(36, '30.31656', '59.936714'),
(37, '30.32908', '59.939957'),
(38, '30.388449', '59.92104'),
(39, '30.335745', '59.942403'),
(40, '30.411904', '59.947749'),
(41, '30.470977', '59.961055'),
(42, '30.417549', '59.946739'),
(43, '30.45236', '59.964595'),
(44, '30.429292', '59.950805'),
(45, '30.413627', '59.955607'),
(46, '30.513134', '59.98128'),
(47, '30.427861', '59.947826'),
(48, '30.434705', '59.982618'),
(49, '', ''),
(50, '30.312514', '59.986105'),
(51, '30.245703', '59.984503'),
(52, '', ''),
(53, '30.354172', '59.994351'),
(54, '30.340949', '59.980785'),
(55, '30.336904', '59.979575'),
(56, '30.336904', '59.979575'),
(57, '', ''),
(58, '30.340922', '59.970574'),
(59, '30.340697', '59.970692'),
(60, '30.336904', '59.979575'),
(61, '30.363946', '59.99827'),
(62, '30.352007', '59.962615'),
(63, '30.342144', '59.985088'),
(64, '30.342144', '59.985088'),
(65, '30.353957', '59.981276'),
(66, '30.349115', '59.9858'),
(67, '30.351283', '60.02223'),
(68, '30.405089', '59.994882'),
(69, '30.421663', '59.99661'),
(70, '', ''),
(71, '30.421352', '59.994982'),
(72, '30.415446', '60.003435'),
(73, '30.372866', '59.997667'),
(74, '30.351283', '60.02223'),
(75, '59.959348', '30.34613'),
(76, '30.255659', '59.943209'),
(77, '30.208537', '59.941981'),
(78, '30.466223', '59.885462'),
(79, '30.428983', '59.911338'),
(80, '29.777012', '59.992895'),
(81, '29.763215', '59.997468'),
(82, '29.762861', '59.995657'),
(83, '29.788009', '59.985931'),
(84, '29.785896', '59.985877'),
(85, '29.776755', '59.992956'),
(86, '29.761005', '59.989912'),
(87, '29.785177', '59.994493'),
(88, '29.783782', '59.985764'),
(89, '29.762056', '59.991462'),
(90, '29.794618', '59.990135'),
(91, '29.771304', '59.989672'),
(92, '29.779372', '59.986443'),
(93, '29.785769', '59.987896'),
(94, '59.857796', '30.333047'),
(95, '29.762187', '59.997183'),
(96, '29.711982', '60.019853'),
(97, '29.696382', '60.020729'),
(98, '29.76092', '59.988538'),
(99, '29.749505', '60.001945'),
(100, '29.77534', '59.992382'),
(101, '29.762079', '59.989301'),
(102, '30.333047', '59.857796'),
(103, '30.367727', '59.902368'),
(104, '30.371236', '59.856988'),
(105, '30.36828', '59.900981'),
(106, '30.359139', '59.881825'),
(107, '30.385103', '59.857963'),
(108, '30.374122', '59.855884'),
(109, '30.390532', '59.870766'),
(110, '30.397978', '59.86995'),
(111, '30.367454', '59.865034'),
(112, '30.402094', '59.83833'),
(113, '29.896821', '59.888563'),
(114, '29.908837', '59.88488'),
(115, '29.908665', '59.884346'),
(116, '29.909309', '59.885133'),
(117, '29.907013', '59.882297'),
(118, '30.332822', ' 59.85789'),
(119, '30.318424', '59.897509'),
(120, '30.326127', '59.838238'),
(121, '30.322329', '59.868957'),
(122, '30.322115', '59.842292'),
(123, '30.330074', '59.77087'),
(124, '30.32737', '59.772869'),
(125, '30.324968', '59.858261'),
(126, '30.328425', '59.874755'),
(127, '30.326578', '59.853332'),
(128, '30.332888', '59.856925'),
(129, '30.345205', '59.836629'),
(130, '30.392152', '59.852867'),
(131, '30.363903', '59.855717'),
(132, '30.377566', '59.856663'),
(133, '30.36606', '59.851572'),
(134, '30.432064', '59.847534'),
(135, '30.398976', '59.86398'),
(136, '30.427686', '59.745591'),
(137, '30.314808', '59.842069'),
(138, '30.348454', '59.853921'),
(139, '30.329271', '59.851363'),
(140, '30.31895', '59.877304'),
(141, '30.318928', '59.88755'),
(142, '30.325012', '59.852728'),
(143, '30.325956', '59.851114'),
(144, '30.323584', '59.841823'),
(145, '30.33603', '59.857067'),
(146, '30.353121', '59.848966'),
(147, '30.316868', '59.842736'),
(148, '30.356747', '59.85228'),
(149, '30.331352', '59.857456'),
(150, '', ''),
(151, '', ''),
(152, '29.725042', '60.011149'),
(153, '29.763558', '59.983999'),
(154, '29.763086', '59.983446'),
(155, '29.762775', '59.983032'),
(156, '29.888807', '59.886809'),
(157, '29.766907', '59.988652'),
(158, '29.766907', '59.988652'),
(159, '29.775941', '59.985736'),
(160, '29.776134', '59.995982'),
(161, '29.77004', '59.988047'),
(162, '29.776134', '59.995982'),
(163, '', ''),
(164, '30.320127', '59.934488'),
(166, '30.395282', '59.720325'),
(167, '30.395489', '59.716866'),
(168, '31.268278', '58.522977'),
(169, '31.268278', '58.522977'),
(170, '30.389207', '59.710783');
